name,brand,price,type,category
Arimis Milking Jelly 200Ml,ARIMI'S,119.0,FOOD,Beauty & Personal Care
Sleepy Baby Wipes 80&#39;S,LP - NONAME,128.0,FOOD,Beauty & Personal Care
Nivea Sun Shine Control Spf 50,NIVEA,1110.0,FOOD,Beauty & Personal Care
Nivea Nourishing Cocoa Lotion400Ml,NIVEA,640.0,FOOD,Beauty & Personal Care
Arimis Milking Jelly 90Ml,ARIMI'S,54.0,FOOD,Beauty & Personal Care
Vaseline Petroleum Jelly Original 240Ml,VASELINE,289.0,FOOD,Beauty & Personal Care
Vaseline Pure Petroleum Jelly 95ml,VASELINE,134.0,FOOD,Beauty & Personal Care
Nivea Cherry Bljojoba Oil Lot400Ml,NIVEA,670.0,FOOD,Beauty & Personal Care
Vaseline Petroleum Jelly Cocoa Butter 240Ml,VASELINE,289.0,FOOD,Beauty & Personal Care
Nivea Nourishing Body Lotion 400Ml,NIVEA,640.0,FOOD,Beauty & Personal Care
Arimis Milking Jelly 50Ml,ARIMI'S,33.0,FOOD,Beauty & Personal Care
ALISON&#39;S ROSE WATER SPRAY120ML,CHIC,143.0,FOOD,Beauty & Personal Care
Flora Earbuds White Normal Tip 50 Piece,FLORA,28.0,FOOD,Beauty & Personal Care
Flora Earbuds White Round Tip 100 Piece,FLORA,73.0,FOOD,Beauty & Personal Care
Papilion Colotis Islak Havlu Baby Wet Wipes 80 Count,PAPILION,160.0,FOOD,Beauty & Personal Care
Vaseline petroleum Jelly Cocoa Butter 95Ml,VASELINE,126.0,FOOD,Beauty & Personal Care
Nivea Shea Smooth Body Lotion 400Ml,NIVEA,640.0,FOOD,Beauty & Personal Care
Nivea Radiant And Beauty Advanced Care Body Lotion 200ml,NIVEA,415.0,FOOD,Beauty & Personal Care
Nivea Cocoa Butter Creme Body 400Ml,NIVEA,680.0,FOOD,Beauty & Personal Care
Dove Cotton Wool  200 gr,DOVE,200.0,FOOD,Beauty & Personal Care
Perfect &amp; Matte Effect Oil Control Face Wash 50ml,NIVEA,350.0,FOOD,Beauty & Personal Care
TENA COTTON WOOL BALLS WHITE 100G,TENA,178.0,FOOD,Beauty & Personal Care
Radiant  Beauty Advanced Care Lotion For Women  400Ml,NIVEA,730.0,FOOD,Beauty & Personal Care
Nivea Repair&amp;Care Body Lotion 400Ml,NIVEA,670.0,FOOD,Beauty & Personal Care
Vaseline Petroleum Jelly Original 25G,VASELINE,44.0,FOOD,Beauty & Personal Care
Nivea Moisturising Creme Jar 200Ml,NIVEA,530.0,FOOD,Beauty & Personal Care
Nivea Refreshing Face Wash Gel150Ml,NIVEA,685.0,FOOD,Beauty & Personal Care
Vaseline Petroleum Jelly Orig.430Ml,VASELINE,489.0,FOOD,Beauty & Personal Care
Alison&#39;S Body Rose Water 200Ml,CHIC,111.0,FOOD,Beauty & Personal Care
Nivea Moisturising Creme Tube 75Ml,NIVEA,395.0,FOOD,Beauty & Personal Care
BALLET BABY SOAP HONEY 100G,BALLET,86.0,FOOD,Beauty & Personal Care
Rosapharm Hydrogen Peroxide 200Ml,ROSAPHARM,44.0,FOOD,Beauty & Personal Care
Nivea Perfect  Radiant Day Cr50Ml,NIVEA,710.0,FOOD,Beauty & Personal Care
Dove Cotton Wool  400 gr,DOVE,380.0,FOOD,Beauty & Personal Care
Garnier SkinActive 3 In 1 Charcoal Anti-Blackhead Face Mask 150ml,GARNIER,1295.0,FOOD,Beauty & Personal Care
Tender Soft Cotton Buds 80 pcs,TENDER SOFT,62.0,FOOD,Beauty & Personal Care
Vaseline Petroleum Jelly Original 45Ml,VASELINE,78.0,FOOD,Beauty & Personal Care
Nivea Vanill&amp;Almond Oil Lotion400Ml,NIVEA,670.0,FOOD,Beauty & Personal Care
N&amp;L Body Lotion Cocoa Butter 400Ml,N&L,350.0,FOOD,Beauty & Personal Care
Ideal Body Lotion Olive Oil 50Ml,IDEAL,176.0,FOOD,Beauty & Personal Care
Nivea Q10 Plus Vitamin C Firming Body Lotion 400ml,NIVEA,730.0,FOOD,Beauty & Personal Care
Vaseline Men Petroleum Jelly Cooling 240Ml,VASELINE,289.0,FOOD,Beauty & Personal Care
Garnier Skinactive Pure Charcoal Hydrating Face Mask 50Ml,GARNIER,350.0,FOOD,Beauty & Personal Care
Tropical Coconut Oil 250Ml,TROPICAL,285.0,FOOD,Beauty & Personal Care
Nivea Lotion Cherry Blossom 200Ml,NIVEA,375.0,FOOD,Beauty & Personal Care
Ballet Butter Baby Jelly 250G,BALLET,271.0,FOOD,Beauty & Personal Care
TENDERCARE EARBUDS PACK X100,,70.0,FOOD,Beauty & Personal Care
Nivea Light Moist Day Creme 50Ml,NIVEA,685.0,FOOD,Beauty & Personal Care
Garnier Even And Matte Cream Moisturizer 50ml,GARNIER,1200.0,FOOD,Beauty & Personal Care
Tropical Coconut Oil 65Ml,TROPICAL,99.0,FOOD,Beauty & Personal Care
Septona Cotton Buds Round Tin 200 Sheets,SEPTONA,200.0,FOOD,Beauty & Personal Care
Nivea Nourishing Cocoa Lotion200Ml,NIVEA,360.0,FOOD,Beauty & Personal Care
Garnier Vitamin C Even And Matte Dark Spot Corrector 30Ml,GARNIER,1050.0,FOOD,Beauty & Personal Care
Perfect  Radiant Luminous630 Anti Dark Marks Serum  30Ml,NIVEA,2549.0,FOOD,Beauty & Personal Care
Nice And Lovely New Flawless Bio Body Oil 50ml,N&L,450.0,FOOD,Beauty & Personal Care
Garnier Skinactive Pomegranate Hydrating Face Tissue Mask 30G,GARNIER,350.0,FOOD,Beauty & Personal Care
Aryuv Premium Cotton Pads 70&#39;S,ARYUV,195.0,FOOD,Beauty & Personal Care
Garnier Pure Active 3 In 1 Cleanser 50Ml,GARNIER,695.0,FOOD,Beauty & Personal Care
Vasline Cocoa Radiant Vit.Gel 200Ml,VASELINE,2150.0,FOOD,Beauty & Personal Care
Alison&#39;S Rose Water&amp;Glycerine 200Ml,CHIC,118.0,FOOD,Beauty & Personal Care
Garnier Even And Matte Gentle Clarifying Face Wash 100ml,GARNIER,815.0,FOOD,Beauty & Personal Care
Zoe Body Lotion Cocoa Butter 400Ml,ZOE,270.0,FOOD,Beauty & Personal Care
Garnier Skin Active Charcoal Serum 30ml,GARNIER,1750.0,FOOD,Beauty & Personal Care
Vaseline Blue Seal Aloe Fresh Petroleum Jelly 95ml,VASELINE,126.0,FOOD,Beauty & Personal Care
Vaseline Extra Strength Men Face And Body Lotion 200ml,VASELINE,330.0,FOOD,Beauty & Personal Care
Nivea Cool Kick Body Lotion 200Ml,NIVEA,375.0,FOOD,Beauty & Personal Care
Nivea Repair&amp;Care Body Lotion 200Ml,NIVEA,375.0,FOOD,Beauty & Personal Care
Perfect  Radiant 3 In 1 Detox Cleanser 150Ml,NIVEA,975.0,FOOD,Beauty & Personal Care
Ideal Castor Oil 100Ml,IDEAL,230.0,FOOD,Beauty & Personal Care
Tendercare Pure And Gentle Cotton Earbuds 200 Piece,,148.0,FOOD,Beauty & Personal Care
Ballet Butter Petroleum Jelly 100G,BALLET,122.0,FOOD,Beauty & Personal Care
"Protective Care Hand Cream With Beeswax, 75ml",NIVEA,325.0,FOOD,Beauty & Personal Care
Ideal Body Lotion Olive Oil 100Ml,IDEAL,329.0,FOOD,Beauty & Personal Care
Dove Go Fresh Restore Nourishing Body Wash 800ml,DOVE,1615.0,FOOD,Beauty & Personal Care
Vaseline Cocoa Radiant Glow Moisture 400ml,VASELINE,550.0,FOOD,Beauty & Personal Care
Luron Aloe Vera Gel 50Ml,LURON,204.0,FOOD,Beauty & Personal Care
Huggies Baby Wipes Pure Trip(56X3),HUGGIES,660.0,FOOD,Beauty & Personal Care
Garnier Skinactive Camomile Hydra Bomb Tissue Mask 30G,GARNIER,350.0,FOOD,Beauty & Personal Care
Flora Earbuds White Recta Tip 200 Piece,FLORA,138.0,FOOD,Beauty & Personal Care
Nivea Cool Kick Body Lotion 400Ml,NIVEA,670.0,FOOD,Beauty & Personal Care
Dove Cotton Wool 500g,DOVE,460.0,FOOD,Beauty & Personal Care
Vaseline Intensive Care Cocoa Glow Body Lotion 725ml,VASELINE,1195.0,FOOD,Beauty & Personal Care
St. Ives Soothing Oatmeal And Shea Butter Body Lotion 200ml,ST.IVES,550.0,FOOD,Beauty & Personal Care
Nivea Aloe &amp; Hydration Lotion 400Ml,NIVEA,640.0,FOOD,Beauty & Personal Care
Dove Exfoliating Polish Brown Sugar And Coconut Butter Body Scrub 298g,DOVE,2500.0,FOOD,Beauty & Personal Care
BALLET MOSQUITO REPELLENT JELLY 50G,BALLET,93.0,FOOD,Beauty & Personal Care
Garnier SkinActive Micellar Cleansing Water Makeup Remover 400ml,GARNIER,745.0,FOOD,Beauty & Personal Care
Garnier SkinActive All-in-1 Micellar Cleansing Water 100ml,GARNIER,495.0,FOOD,Beauty & Personal Care
Honey &amp; Butter Shea Butter Body Lotion 420ml,,245.0,FOOD,Beauty & Personal Care
Garnier Vitamin C Micellar Cleansing Water And Makeup Remover 100ml,DARK & LOVELY,495.0,FOOD,Beauty & Personal Care
J&amp;J V/RICH BRIGHTENIN B/LOTION400ML,J&J,660.0,FOOD,Beauty & Personal Care
Endosan Feather Soft Gold Extra Absobency Maternity Pads Extra Large 340mm 10 Count,,160.0,FOOD,Beauty & Personal Care
NICE &amp; LOVELY C/BUTTER LOTION 850ML,N&L,715.0,FOOD,Beauty & Personal Care
GARNIER EVEN &amp; MATTE V C SERUM15ML,GARNIER,850.0,FOOD,Beauty & Personal Care
GARNIER E&amp;MATTE MICELLAR WATER400ML,GARNIER,745.0,FOOD,Beauty & Personal Care
Nivea Perfectradiant Night Crm50Ml,NIVEA,710.0,FOOD,Beauty & Personal Care
Tropical Coconut Oil 150Ml,TROPICAL,179.0,FOOD,Beauty & Personal Care
Nivea Nourishing Cocoa Lotion100Ml,NIVEA,195.0,FOOD,Beauty & Personal Care
Garnier Pure Active Pore Purifying Toner 200ml,GARNIER,950.0,FOOD,Beauty & Personal Care
N&amp;L Body Lotion Cocoa Butter 200Ml,N&L,185.0,FOOD,Beauty & Personal Care
Dove Exfoliating Polish Pomegranate Seeds And Shea Butter Body Scrub 298g,DOVE,2500.0,FOOD,Beauty & Personal Care
Nivea Shea Smooth Body Lotion 100Ml,NIVEA,195.0,FOOD,Beauty & Personal Care
Cussons Baby Mild And Gentle Wipes 80 Count,CUSSONS,270.0,FOOD,Beauty & Personal Care
Zoe Lotion Floral Fantasy 400Ml,ZOE,270.0,FOOD,Beauty & Personal Care
Cussons Baby Soft And Smooth Wipes 80 Count,CUSSONS,270.0,FOOD,Beauty & Personal Care
Luron Face Pimple Cream 9G,LURON,95.0,FOOD,Beauty & Personal Care
Vaseline Extra Strength Men Face And Body Lotion 400ml,VASELINE,570.0,FOOD,Beauty & Personal Care
Amara Cocoa Butter Body Lotion400Ml,AMARA,250.0,FOOD,Beauty & Personal Care
Nivea Shea Smooth Body Lotion 200Ml,NIVEA,360.0,FOOD,Beauty & Personal Care
Ideal Body Lotion Castor Oil 50Ml,IDEAL,139.0,FOOD,Beauty & Personal Care
Nice&amp;Lovely For Men En&amp;Hyd Lot400Ml,NICE & LOVELY,350.0,FOOD,Beauty & Personal Care
Zoe Lotion Velvet Caramel400Ml,ZOE,270.0,FOOD,Beauty & Personal Care
Perfect  Radiant Luminous630 Anti Dark Marks Day Cream Spf50,NIVEA,2550.0,FOOD,Beauty & Personal Care
Flora Earbuds White Round Tip 200 Piece,FLORA,138.0,FOOD,Beauty & Personal Care
Nivea Smooth Sensation Creme B400Ml,NIVEA,680.0,FOOD,Beauty & Personal Care
F l o r a   L o n g e r   L a s t i n g   C o t t o n   E a r b u d s   1 0 0   P i e c e s,FLORA,68.0,FOOD,Beauty & Personal Care
Dove Exfoliating Polish Crushed Lavender And Coconut Milk Body Scrub 298g,DOVE,2500.0,FOOD,Beauty & Personal Care
TENDERCARE EARBUDS WHITEBABYTIP60S,,100.0,FOOD,Beauty & Personal Care
Nivea Per&amp;Radiant E/Tone Day Cr50Ml,NIVEA,710.0,FOOD,Beauty & Personal Care
Simple Hydrating Water Boost Face Mask 21ml,SIMPLE,499.0,FOOD,Beauty & Personal Care
NIVEA ALOE VERA HAND CREAM75ML,NIVEA,325.0,FOOD,Beauty & Personal Care
GARNIER FACIAL MASK WATERMELON15G,GARNIER,395.0,FOOD,Beauty & Personal Care
Valon Cocoa Butter Body Lot400Ml,VALON,255.0,FOOD,Beauty & Personal Care
Dove Body Lotion Go Fresh 100Ml,DOVE,295.0,FOOD,Beauty & Personal Care
Ideal Avocado Oil 50Ml,IDEAL,230.0,FOOD,Beauty & Personal Care
Ideal Glycerine 100Ml,IDEAL,125.0,FOOD,Beauty & Personal Care
Dove Intensive Nourishment B/L400Ml,DOVE,1190.0,FOOD,Beauty & Personal Care
Zoe Lotion Satin Jasmine 400Ml,ZOE,270.0,FOOD,Beauty & Personal Care
Nice &amp; Lovely Jelly In Cream Coconut Oil Ultra Moisturizing Cream 300ml,NICE & LOVELY,550.0,FOOD,Beauty & Personal Care
Nice &amp; Lovely Lotion Coco butter Rose 400Ml,NICE & LOVELY,450.0,FOOD,Beauty & Personal Care
Zoe Lotion Strawberry Kisses400Ml,ZOE,270.0,FOOD,Beauty & Personal Care
"Garnier Even  Mate Vitamin C Booster, Dark Sport Connector 30Ml",GARNIER,1750.0,FOOD,Beauty & Personal Care
Nice And Lovely New Flawless Bio Body Oil 100ml,N&L,750.0,FOOD,Beauty & Personal Care
Nivea Q10Plus Awrinkle Daycare50Ml,NIVEA,1745.0,FOOD,Beauty & Personal Care
Nivea Creme Tin 60Ml,NIVEA,285.0,FOOD,Beauty & Personal Care
Bio-Oil Skin Care Oil 60Ml,BIO,714.0,FOOD,Beauty & Personal Care
Ideal Body Lotion Castor Oil 200Ml,IDEAL,390.0,FOOD,Beauty & Personal Care
Nivea Moist.Sun Lotion Spf50 200Ml,NIVEA,2520.0,FOOD,Beauty & Personal Care
Ballet Mosquito Repellent Jelly100G,BALLET,160.0,FOOD,Beauty & Personal Care
Valon Petroleum Jelly Pure 250Ml,VALON,280.0,FOOD,Beauty & Personal Care
Vaseline Aloe Vera Petroleum Jelly 240ml,VASELINE,289.0,FOOD,Beauty & Personal Care
Zoe Body Lotion Cocoa Butter 200Ml,ZOE,160.0,FOOD,Beauty & Personal Care
St. Ives Soothing Oatmeal And Shea Butter Body Lotion 400ml,ST.IVES,1195.0,FOOD,Beauty & Personal Care
Nivea Q10Plus Awrink Nightcare50Ml,NIVEA,1745.0,FOOD,Beauty & Personal Care
Nice&amp;Lovely Body Milk Lotion 600Ml,N&L,435.0,FOOD,Beauty & Personal Care
Aryuv Anti Bacterial Wipes 80&#39;S,ARYUV,249.0,FOOD,Beauty & Personal Care
Simple Refreshing Facial Wash Gel 150ml,SIMPLE,1299.0,FOOD,Beauty & Personal Care
GARNIER FACIAL MASK KALE15G,GARNIER,395.0,FOOD,Beauty & Personal Care
Maws Lanolin Cream Tube 50G,MAWS,116.0,FOOD,Beauty & Personal Care
Tropical Coconut Oil 120Ml,TROPICAL,143.0,FOOD,Beauty & Personal Care
Aryuv Facial Wipes Rosewater25S,ARYUV,235.0,FOOD,Beauty & Personal Care
Garnier Even And Matte Normal To Oily Skin Day Cream 40ml,GARNIER,1050.0,FOOD,Beauty & Personal Care
Vaseline Lotion Cooling 200Ml+45Ml,VASELINE,320.0,FOOD,Beauty & Personal Care
Nice&amp;Lovely Glycerine Lotion 600Ml,N&L,435.0,FOOD,Beauty & Personal Care
TENA EARBUDS WHITE RECTANGU TIN200S,TENA,148.0,FOOD,Beauty & Personal Care
Simple Soothing Facial Toner 200Ml,SIMPLE,999.0,FOOD,Beauty & Personal Care
Tropical Scent Fre Coconut Oil250Ml,TROPICAL,418.0,FOOD,Beauty & Personal Care
Vaseline Repair Dry Skin Moisture 400ml,VASELINE,550.0,FOOD,Beauty & Personal Care
Amara Men Cooling Body Lotion 400Ml,AMARA,290.0,FOOD,Beauty & Personal Care
Nice &amp; Lovely Bio Body Oil 200Ml,N&L,1200.0,FOOD,Beauty & Personal Care
Nivea Refresh 2In1 Milk&amp;Toner 200Ml,NIVEA,785.0,FOOD,Beauty & Personal Care
GARNIER FACIAL MASK PINEAPPLE15G,GARNIER,395.0,FOOD,Beauty & Personal Care
Garnier Even And Matte Face Scrub 100ml,GARNIER,995.0,FOOD,Beauty & Personal Care
SIMPLE MOISTURISING FACE WASH 150ML,SIMPLE,1199.0,FOOD,Beauty & Personal Care
Garnier SkinActive Pure Active 3 In 1 Clay Cleanser 150ml,GARNIER,1295.0,FOOD,Beauty & Personal Care
Luron Face Cream Vanishing Day 50Ml,LURON,178.0,FOOD,Beauty & Personal Care
Tippys Round Make Up Cotton Pads 120 pcs,TIPPYS,410.0,FOOD,Beauty & Personal Care
N&amp;L Pure Glycerine 65Ml,N&L,105.0,FOOD,Beauty & Personal Care
Garnier SkinActive Micellar Cleansing Water In Oil 100ml,GARNIER,525.0,FOOD,Beauty & Personal Care
Vaseline Fast Absorbing Men Body Lotion 400ml,VASELINE,560.0,FOOD,Beauty & Personal Care
Honey &amp; Butter Shea Butter Body Lotion 280ml,,145.0,FOOD,Beauty & Personal Care
Simple De Stress Sheet Mask 21ml,SIMPLE,499.0,FOOD,Beauty & Personal Care
VELVEX ANTIBACTERIAL WET WIPES 60S,VELVEX,185.0,FOOD,Beauty & Personal Care
Vaseline Fast Absorbing Men Body Lotion 200ml,VASELINE,320.0,FOOD,Beauty & Personal Care
Aquaguard Water Purifier 500Ml,AQUAGUARD,90.0,FOOD,Beauty & Personal Care
NIVEA COCOA LOT 400ML/ROLL ON 50ML,NIVEA,810.0,FOOD,Beauty & Personal Care
Bio-Oil Skin Care Oil 200Ml,BIO,1655.0,FOOD,Beauty & Personal Care
Amara Shea Butter Lotion 400Ml,AMARA,250.0,FOOD,Beauty & Personal Care
NICE &amp; LOVELY PURE GLYCERINE 100ML,N&L,165.0,FOOD,Beauty & Personal Care
Vaseline Aloe Vera Petroleum Jelly 45ml,VASELINE,78.0,FOOD,Beauty & Personal Care
Simple Protect &#39;N&#39; Glow Express Glow Exfoliating Cleanser Clay Polish 150ml,SIMPLE,1299.0,FOOD,Beauty & Personal Care
Vaseline Intensive Care Cocoa Glow Butter Body Cream 75ml,CLIPPER,325.0,FOOD,Beauty & Personal Care
Dove Exfoliating Polish Crushed Almond And Mango Butter Body Scrub 298g,DOVE,2500.0,FOOD,Beauty & Personal Care
Dove Nourishing Secrets Restoring Ritual Body Lotion 400ml,DOVE,1190.0,FOOD,Beauty & Personal Care
Zoe Lotion Velvet Caramel 200Ml,ZOE,160.0,FOOD,Beauty & Personal Care
Nice &amp; Lovely Jelly In Cream Shea Butter Ultra Moisturizing Cream 300ml,NICE & LOVELY,550.0,FOOD,Beauty & Personal Care
Amara Body Milk Lotion 400Ml,AMARA,250.0,FOOD,Beauty & Personal Care
Zoe Lotion Satin Jasmine 200Ml,ZOE,160.0,FOOD,Beauty & Personal Care
Aryuv Facial Wipes Tea Tree Oil25S,ARYUV,235.0,FOOD,Beauty & Personal Care
Nivea Perradiant 3In1 Cleanse150Ml,NIVEA,975.0,FOOD,Beauty & Personal Care
Nice &amp; Lovely Jelly In Cream Shea Butter Ultra Moisturizing Cream 110ml,NICE & LOVELY,275.0,FOOD,Beauty & Personal Care
NIVEA DEEP LOT 400ML/ROLL ON 50ML,NIVEA,840.0,FOOD,Beauty & Personal Care
Nivea Nourishing Creme Body 400Ml,NIVEA,680.0,FOOD,Beauty & Personal Care
Dove Bodywash Splash800Ml,DOVE,1615.0,FOOD,Beauty & Personal Care
Nice &amp; Lovelycoconut Glowlot400Ml,NICE & LOVELY,495.0,FOOD,Beauty & Personal Care
Nivea Energy Micellar Water Make Up Remover with Vitamin C 400ml,NIVEA,675.0,FOOD,Beauty & Personal Care
Nivea Perfect And Radiant Luminous630 Anti Dark Circle Eye Cream 15ml,NIVEA,1800.0,FOOD,Beauty & Personal Care
Nivea Nourishing Lot200Ml,NIVEA,360.0,FOOD,Beauty & Personal Care
Luron Replenishing Night Cream 50Ml,LURON,178.0,FOOD,Beauty & Personal Care
Nivea Skin Refining Scrub Face 75Ml,NIVEA,825.0,FOOD,Beauty & Personal Care
Dove Lotion Invigor.Ritual500Ml,DOVE,1495.0,FOOD,Beauty & Personal Care
Vaseline Intensive Care Cocoa Glow Body Lotion 200ml,VASELINE,310.0,FOOD,Beauty & Personal Care
Luron Mad About You Fine Body Mist Perfume 236ml,LURON,341.0,FOOD,Beauty & Personal Care
Luron F.Toner210Ml,LURON,226.0,FOOD,Beauty & Personal Care
Luron Pink Champagne Fragrance Mist 100ml,LURON,341.0,FOOD,Beauty & Personal Care
Nice&amp;Lovely Aloe Vera Lotion 600Ml,N&L,435.0,FOOD,Beauty & Personal Care
Nivea Aloe &amp; Hydration Lotion 200Ml,NIVEA,360.0,FOOD,Beauty & Personal Care
Alison&#39;S Apricot Body Scrub200G,CHIC,264.0,FOOD,Beauty & Personal Care
Nice&amp;Lovely For Men F&amp;C Lot400Ml,NICE & LOVELY,350.0,FOOD,Beauty & Personal Care
Zoe Lotion Starlit Sky400Ml,ZOE,270.0,FOOD,Beauty & Personal Care
Ballet Mosquito Repel. Lotion 130Ml,BALLET,194.0,FOOD,Beauty & Personal Care
Valon Petroleum Jelly Pure 500G,VALON,500.0,FOOD,Beauty & Personal Care
Ballet Mosquito Repel. Spray 100Ml,BALLET,297.0,FOOD,Beauty & Personal Care
Kapa Glycerine Body Lotion 100ml,KAPA,84.0,FOOD,Beauty & Personal Care
Tropical Coconut Oil 500ml,TROPICAL,522.0,FOOD,Beauty & Personal Care
Amara Cocoa Butter Lotion 600Ml,AMARA,350.0,FOOD,Beauty & Personal Care
Zoe Body Lotion Glycerine 400Ml,ZOE,270.0,FOOD,Beauty & Personal Care
Nivea Express Hydr Body Lot400Ml,NIVEA,640.0,FOOD,Beauty & Personal Care
Nivea Creme Tin 150Ml,NIVEA,510.0,FOOD,Beauty & Personal Care
Amara Coconut Lotion200Ml,AMARA,140.0,FOOD,Beauty & Personal Care
HANAN COTTON BUDS 100PCS,HANAN,85.0,FOOD,Beauty & Personal Care
L&#39;Oreal Paris Revitalift Filler Hyaluronic Acid Anti Wrinkles Serum 30ml,LOREAL PARIS,3000.0,FOOD,Beauty & Personal Care
Nevea Moisturising Sun Kid&#39;s Lotion SPF 50+ - 200ml,NIVEA,2520.0,FOOD,Beauty & Personal Care
Hobby Moisture Cream Shea Butter 250Ml,HOBBY,450.0,FOOD,Beauty & Personal Care
Valon Petroleum Jelly Cocoa 240Ml,VALON,287.0,FOOD,Beauty & Personal Care
Tropical Scent Fre Coconut Oil120Ml,TROPICAL,237.0,FOOD,Beauty & Personal Care
TENDERCARE EARBUDSWHIT LADYTIPS100S,,120.0,FOOD,Beauty & Personal Care
Zoe Satin Jasmine Perfumed Glycerine 60ml,ZOE,88.0,FOOD,Beauty & Personal Care
Nivea Nourishing Milk Body Lot100Ml,NIVEA,195.0,FOOD,Beauty & Personal Care
Dove Restoring Ritual Cream 75Ml,DOVE,355.0,FOOD,Beauty & Personal Care
Huggies Baby Wipes Triplo2+1 (56X3),HUGGIES,660.0,FOOD,Beauty & Personal Care
Simple Water Boost Hydrating Gel Cream 50ml,SIMPLE,1150.0,FOOD,Beauty & Personal Care
ALARA TUM/SAFFRON FACE SERUM30ML,ALARA,810.0,FOOD,Beauty & Personal Care
Luron Acne Control Spot Fix Gel 15ml,LURON,152.0,FOOD,Beauty & Personal Care
Dove Essential Nourish. B.Loti250Ml,DOVE,765.0,FOOD,Beauty & Personal Care
Ballet Lavender Cuddles Perfumed Petroleum Jelly 100g,BALLET,122.0,FOOD,Beauty & Personal Care
Zoe Lanolin Body Lotion 400ml,ZOE,270.0,FOOD,Beauty & Personal Care
Dove B/L Essential Nourishing 400Ml,DOVE,1190.0,FOOD,Beauty & Personal Care
Aryuv Facial Wipes Coconut Water25S,ARYUV,235.0,FOOD,Beauty & Personal Care
Nice&amp;Lovely Lotion C/B&amp;Rose200Ml,NICE & LOVELY,275.0,FOOD,Beauty & Personal Care
AMARA MEN COOLING BODY LOTION 200ML,AMARA,146.0,FOOD,Beauty & Personal Care
Septona Cotton Buds Rectangle Tin 200 Sheets,SEPTONA,200.0,FOOD,Beauty & Personal Care
Ideal Body Lotion Olive Oil 200Ml,IDEAL,574.0,FOOD,Beauty & Personal Care
Ideal Body Lotion Almond Oil 50Ml,IDEAL,292.0,FOOD,Beauty & Personal Care
Amara Cocoa Butter Body Lotion200Ml,AMARA,127.0,FOOD,Beauty & Personal Care
Honey &amp; Butter Cocoa Butter Body Lotion 420ml,,245.0,FOOD,Beauty & Personal Care
Garnier Micellar Cleansing Water In Oil 400ml,GARNIER,950.0,FOOD,Beauty & Personal Care
Zoe Strawberry Kisses Body Lotion 200ml,ZOE,160.0,FOOD,Beauty & Personal Care
Imperial L.B/Wash Uplifting250Ml,IMPERIAL LEATHER,350.0,FOOD,Beauty & Personal Care
NICE &amp; LOVELY COCOA GLYCERINE 100ML,N&L,195.0,FOOD,Beauty & Personal Care
Nivea Refreshing Toner Bottle 200Ml,NIVEA,785.0,FOOD,Beauty & Personal Care
Top Class Cucumber F&amp;Body Scrub450G,TOP CLASS,550.0,FOOD,Beauty & Personal Care
Nivea Perfect And Radiant Luminous630 Anti Dark Marks Night Cream 50ml,NIVEA,2200.0,FOOD,Beauty & Personal Care
N&amp;L Body Lotion Aloe Vera 400Ml,N&L,350.0,FOOD,Beauty & Personal Care
Perfect &amp; Radiant Micellar Water For Women - 400ml,NIVEA,675.0,FOOD,Beauty & Personal Care
Nivea Express Hydr Body Lot200Ml,NIVEA,360.0,FOOD,Beauty & Personal Care
Emami Mentho Plus Balm 30ml,EMAMI,170.0,FOOD,Beauty & Personal Care
Even&amp;Lovely Face Cream 25Ml,,100.0,FOOD,Beauty & Personal Care
L&#39;Oreal Paris UV Defender Shine Control Daily Anti Aging Suncrean 50ml,LOREAL PARIS,2100.0,FOOD,Beauty & Personal Care
Imperial Leather Lotion Japane400Ml,IMPERIAL LEATHER,450.0,FOOD,Beauty & Personal Care
J&amp;J V/Rich Replenish. B/Lotion400Ml,J&J,660.0,FOOD,Beauty & Personal Care
Alison&#39;S Massage Oil 200Ml,CHIC,348.0,FOOD,Beauty & Personal Care
DOVE BEAUTY SLEEP HAND CREAM 75ML,DOVE,730.0,FOOD,Beauty & Personal Care
Tropical Virgin Coconut Oil120Ml,TROPICAL,254.0,FOOD,Beauty & Personal Care
Zoe Glycerine Gel Cocoa Butter 60Ml,ZOE,80.0,FOOD,Beauty & Personal Care
Nice &amp; Lovelycoconut Glowlot200Ml,NICE & LOVELY,275.0,FOOD,Beauty & Personal Care
N&amp;L Pure Glycerine 40Ml,N&L,85.0,FOOD,Beauty & Personal Care
Goldtouch Spotless And Matte Clear Skin Cream 48g,GOLD TOUCH,250.0,FOOD,Beauty & Personal Care
Carrefour Sensitive Antibacterial Wipes 20 Count,CRF,149.0,FOOD,Beauty & Personal Care
Valon Glycerin &amp; Vitam E body Lotion 400Ml,VALON,255.0,FOOD,Beauty & Personal Care
Fixodent Original Denture Adhesive Cream Toothpaste 47g,,960.0,FOOD,Beauty & Personal Care
Valon Nourishin C/Butter Lot200Ml,VALON,140.0,FOOD,Beauty & Personal Care
Ideal Body Lotion Glycerine 50Ml,IDEAL,77.0,FOOD,Beauty & Personal Care
TIPPYS MAXI SQUARE PAD X50,TIPPYS,337.0,FOOD,Beauty & Personal Care
J&amp;J Baby Moisturising Lotion 100Ml,J&J,620.0,FOOD,Beauty & Personal Care
Vatika Baby Olive Massage Oils100Ml,VATIKA,350.0,FOOD,Beauty & Personal Care
Carrefour Sensitive Antibacterial Skin Wipes 40 Count,CRF,199.0,FOOD,Beauty & Personal Care
J&amp;J V/Rich Smoothing B/Lotion 400Ml,J&J,660.0,FOOD,Beauty & Personal Care
Zoe Men Lotion Extreme Sports 400Ml,ZOE,270.0,FOOD,Beauty & Personal Care
Luron Acne Control Pimple Cream 15ml,LURON,152.0,FOOD,Beauty & Personal Care
Bio-Oil Skin Care Oil 125Ml,BIO,1179.0,FOOD,Beauty & Personal Care
Luron Massage Oil Relaxing 100Ml,LURON,495.0,FOOD,Beauty & Personal Care
Tropical Virgin Coconut Oil65Ml,TROPICAL,165.0,FOOD,Beauty & Personal Care
Nivea Cool Kick Body Lotion 100Ml,NIVEA,195.0,FOOD,Beauty & Personal Care
Alison&#39;S Coconut Massage Oil 200Ml,CHIC,348.0,FOOD,Beauty & Personal Care
Nice &amp; Lovely Avocado Glycerine 100ml,N&L,195.0,FOOD,Beauty & Personal Care
Honey &amp; Butter Shea Butter Body Lotion 155ml,,115.0,FOOD,Beauty & Personal Care
Imperial Leather Sport Body Lotion For Men 400ml,IMPERIAL LEATHER,450.0,FOOD,Beauty & Personal Care
Valon Petroleum Jelly Pure 95Ml,VALON,130.0,FOOD,Beauty & Personal Care
Face Facts Collagen And Q10 Face Serum 30ml,Face Facts,749.0,FOOD,Beauty & Personal Care
Simple Micellar Face Gel Wash 150Ml,SIMPLE,1699.0,FOOD,Beauty & Personal Care
NICE &amp; LOVELY GLYCERIN LOTION 850ML,N&L,715.0,FOOD,Beauty & Personal Care
Ballet Vitamin Baby Jelly 250G,BALLET,271.0,FOOD,Beauty & Personal Care
Simple Instant Glow Wipes 20&#39;S,SIMPLE,799.0,FOOD,Beauty & Personal Care
Nice &amp; Lovely Men Fresh And Cool Body Lotion 200ml,NICE & LOVELY,185.0,FOOD,Beauty & Personal Care
Alison&#39;S Foam.Face Wash A&amp;T150Ml,CHIC,355.0,FOOD,Beauty & Personal Care
N&amp;L Body Lotion Body Milk 400Ml,N&L,350.0,FOOD,Beauty & Personal Care
Zoe Floral Fantasy Perfumed Glycerine 60ml,ZOE,88.0,FOOD,Beauty & Personal Care
Imperial Leather Fresh Burst Menthol And Eucalyptus Body Lotion For Men 400ml,IMPERIAL LEATHER,450.0,FOOD,Beauty & Personal Care
Imperial Leather Lotion Japane200Ml,IMPERIAL LEATHER,270.0,FOOD,Beauty & Personal Care
Amara Body Lotion For Men 600Ml,AMARA,350.0,FOOD,Beauty & Personal Care
St. Ives Hydrating Vitamin E &amp; Avocado Body Lotion 400ml,ST.IVES,1195.0,FOOD,Beauty & Personal Care
Mentholatum Acnes Creamy Wash 50G,Mentholatum:Acnes,477.0,FOOD,Beauty & Personal Care
Simple Smoothing Facial Scrub 75ml,SIMPLE,1199.0,FOOD,Beauty & Personal Care
Luron Spa Healing Massage Oil 100Ml,LURON,495.0,FOOD,Beauty & Personal Care
Ballet Aloe Petroleum Jelly 100G,BALLET,122.0,FOOD,Beauty & Personal Care
LOREAL PARIS RETINOL SERUM LP30ML,LOREAL PARIS,2900.0,FOOD,Beauty & Personal Care
St. Ives Soft Skin Avocado And Honey Face Scrub 170g,ST.IVES,1095.0,FOOD,Beauty & Personal Care
ALARA TURMERIC FACE WASH100ML,ALARA,520.0,FOOD,Beauty & Personal Care
N&amp;L Body Lotion Glycerine 400Ml,N&L,350.0,FOOD,Beauty & Personal Care
Nivea Micellar All Skin Types 400Ml,NIVEA,675.0,FOOD,Beauty & Personal Care
Nivea Micellar All Skin Types 100Ml,NIVEA,365.0,FOOD,Beauty & Personal Care
Zoe Lotion Floral Fantasy 200Ml,ZOE,160.0,FOOD,Beauty & Personal Care
L&#39;Oreal Paris RevitaLift Anti Wrinkles + Extra Firming + Hydrating Day Cream 50ml,DERMO-EXPERTISE,2100.0,FOOD,Beauty & Personal Care
Top Class Strawberry Face And Body Scrub 450g,TOP CLASS,550.0,FOOD,Beauty & Personal Care
Vaseline Intensive Care Aloe Soothe Body Lotion 400ml,VASELINE,550.0,FOOD,Beauty & Personal Care
Valon Milk&amp;Shea Butter Lot400Ml,VALON,255.0,FOOD,Beauty & Personal Care
Fabulous Pumice Stone,FABULOUS,375.0,FOOD,Beauty & Personal Care
Amara Petroleum Jelly C/Butter200Ml,AMARA,207.0,FOOD,Beauty & Personal Care
Septona Cotton Buds Round Tin 100 Sheets,SEPTONA,145.0,FOOD,Beauty & Personal Care
Valon Petroleum Jelly Scented 95Ml,VALON,130.0,FOOD,Beauty & Personal Care
Simple Age Resisting Night Cream 50ml,SIMPLE,1999.0,FOOD,Beauty & Personal Care
Nivea Revitalizing Creme Body400 Ml,NIVEA,680.0,FOOD,Beauty & Personal Care
L&#39;Oreal Paris Revitalift Replumping Gel Face Wash 150ml,LOREAL PARIS,1900.0,FOOD,Beauty & Personal Care
Amara Baobab Delight Lotion 400Ml,AMARA,250.0,FOOD,Beauty & Personal Care
Amara Raw Shea Lotion 600Ml,AMARA,350.0,FOOD,Beauty & Personal Care
Amara Cocoa Butter Petroleum Jelly 100g,AMARA,124.0,FOOD,Beauty & Personal Care
Amara Shea Butter Lotion 200Ml,AMARA,140.0,FOOD,Beauty & Personal Care
Fem USA Normal Skin Facial Wax Strips 20 Pieces,FEM,450.0,FOOD,Beauty & Personal Care
St. Ives Renewing Collagen And Elastin Moisturizer 283g,ST.IVES,1750.0,FOOD,Beauty & Personal Care
Gold Touch Beauty Cream For Oily Skin 25g,GOLD TOUCH,140.0,FOOD,Beauty & Personal Care
NICE &amp; LOVELY BODYMILK LOTION 850ML,N&L,715.0,FOOD,Beauty & Personal Care
Vaseline Intensive Care Aloe Soothe Body Lotion 725ml,VASELINE,1195.0,FOOD,Beauty & Personal Care
L&#39;Oreal Paris Men Energ Wash 100Ml,LOREAL PARIS,1500.0,FOOD,Beauty & Personal Care
Fabulous Foot File Stainless,FABULOUS,315.0,FOOD,Beauty & Personal Care
Top Class Apricot Body Scrub 450G,TOP CLASS,550.0,FOOD,Beauty & Personal Care
TIPPYS COTTON BUD RECTANGLE TINX200,TIPPYS,199.0,FOOD,Beauty & Personal Care
Carrefour Antibacterial Fresh Skin Care Wipes 10 Count x Pack of 5,CRF,499.0,FOOD,Beauty & Personal Care
Ballet Aloe Baby Jelly 250G,BALLET,271.0,FOOD,Beauty & Personal Care
Amara Coconut Lotion400Ml,AMARA,250.0,FOOD,Beauty & Personal Care
Kapa Glycerine Body Lotion 50ml,KAPA,46.0,FOOD,Beauty & Personal Care
Honey &amp; Butter Cocoa Butter Body Lotion 280ml,,145.0,FOOD,Beauty & Personal Care
Ballet Baby Balm Herbal Perfumed Petroleum Jelly 100g,BALLET,122.0,FOOD,Beauty & Personal Care
Tropical Cold Pressed Virgin Coconut Oil 250ml,TROPICAL,445.0,FOOD,Beauty & Personal Care
Zoe Strawberry Kisses Perfumed Glycerin 60ml,ZOE,88.0,FOOD,Beauty & Personal Care
Carrefour Lemon Fresh Antibacterial Wipes 80 Count,CRF,349.0,FOOD,Beauty & Personal Care
Zoe Men Lotion Active Energy 400Ml,ZOE,270.0,FOOD,Beauty & Personal Care
Tippys Maxi Aloe Vera Pad 50 Pieces,TIPPYS,337.0,FOOD,Beauty & Personal Care
La Femme Scrub Apricot 250Ml,,294.0,FOOD,Beauty & Personal Care
Papilion Fruit Passion Pocket Wet Wipes 15 Pieces,PAPILION,50.0,FOOD,Beauty & Personal Care
Luron Even-Tone Replenishing Night Cream 50ml,LURON,345.0,FOOD,Beauty & Personal Care
St. Ives Renewing Collagen &amp; Elastin Body Lotion 400ml,ST.IVES,1195.0,FOOD,Beauty & Personal Care
Mentholatum Acnes Vita Cleanser 50G,Mentholatum:Acnes,577.0,FOOD,Beauty & Personal Care
Hobby Moisture Cream Coconut 250Ml,HOBBY,450.0,FOOD,Beauty & Personal Care
Palmer&#39;s Cocoa Butter Formula For Stretch Marks Massage Lotion 250g,PALMERS,1804.0,FOOD,Beauty & Personal Care
Fabulous Foot File 2 Sided,FABULOUS,290.0,FOOD,Beauty & Personal Care
St.Ives Gentle Smoothing Rose Water And Aloe Vera Scrub 170g,ST.IVES,1095.0,FOOD,Beauty & Personal Care
ALARA TURMERIC FACE CREAM 100G,ALARA,1050.0,FOOD,Beauty & Personal Care
Odeon Scrub Papaya &amp; Cucumber300Ml,ODEON,450.0,FOOD,Beauty & Personal Care
GARNIER MICELLAR CHARCOAL J/W 400ML,GARNIER,895.0,FOOD,Beauty & Personal Care
ALARA TURMERIC BODY LOTION250ML,ALARA,920.0,FOOD,Beauty & Personal Care
L&#39;Oreal Paris UV Defender Shine Control Daily Anti-Aging Sunscreen Cream 50ml,LOREAL PARIS,2100.0,FOOD,Beauty & Personal Care
Shea Moisture Balancing Moisturizer 57g,SHEA MOISTURE,3400.0,FOOD,Beauty & Personal Care
St. Ives Hydrating Watermelon Daily Facial Cleanser 200ml,ST.IVES,1595.0,FOOD,Beauty & Personal Care
Carrefour Aqua Soft Wipes With Aloe Vera Extract 28 Pieces White,MAJID AL FUTTAIM,199.0,FOOD,Beauty & Personal Care
NICE &amp; LOVELY ALOEVERA LOTION 850ML,N&L,715.0,FOOD,Beauty & Personal Care
Voi Pocket Wipes 15&#39;S 50G,VOI,40.0,FOOD,Beauty & Personal Care
Vaseline Lotion Cooling 400Ml+95Ml,VASELINE,560.0,FOOD,Beauty & Personal Care
Moisturising Sun Lotion SPF 30 - 200ml,NIVEA,2100.0,FOOD,Beauty & Personal Care
TIPPYS COTTON WOOL PLEATS P/CUT200G,TIPPYS,433.0,FOOD,Beauty & Personal Care
Nice &amp; Lovely Jelly In Cream S/B60G,NICE & LOVELY,175.0,FOOD,Beauty & Personal Care
Nice &amp; Lovely Perfumed Glycerine 40ml,N&L,95.0,FOOD,Beauty & Personal Care
Lady Diana Papaya Moist.Cream300Ml,LADY DIANA,449.0,FOOD,Beauty & Personal Care
Vatika Naturals Baby Olive Moisturizing Lotion 100ml,VATIKA,320.0,FOOD,Beauty & Personal Care
Simple Water Boost Micellar Cleansing Water 200ml,SIMPLE,595.0,FOOD,Beauty & Personal Care
Carrefour Skin Care Antibacterial  Wipes 40 Count,CRF,199.0,FOOD,Beauty & Personal Care
St. Ives Smoothing Rose And Argan Oil Body Lotion 621ml,ST.IVES,1725.0,FOOD,Beauty & Personal Care
Hanan Wet Wipes Charcoal 60S,HANAN,250.0,FOOD,Beauty & Personal Care
Ballet Mosquito Repel. Lotion 65Ml,BALLET,115.0,FOOD,Beauty & Personal Care
Zoe Lotion Starlit Sky 200Ml,ZOE,160.0,FOOD,Beauty & Personal Care
Amara Body Milk Lotion 600Ml,AMARA,350.0,FOOD,Beauty & Personal Care
Zoe Starlit Sky Perfumed Glycerin 60ml,ZOE,88.0,FOOD,Beauty & Personal Care
Zoe Kids Glycerine Gel 60ml,ZOE,80.0,FOOD,Beauty & Personal Care
Luron SPF-6 Vanishing Day Cream 50ml,LURON,345.0,FOOD,Beauty & Personal Care
Dove Nourishing Secrets Restoring Ritual Body Lotion 250ml,DOVE,765.0,FOOD,Beauty & Personal Care
Luron C.Water 100G,LURON,226.0,FOOD,Beauty & Personal Care
Bio-Oil Dry Skin Gel50Ml,BIO-OIL,443.0,FOOD,Beauty & Personal Care
Face Facts Soothing Clay Mask 60ml,Face Facts,499.0,FOOD,Beauty & Personal Care
Shea Moisture African Clarifying Black Face Wash And Scrub 113g,SHEA MOISTURE,2850.0,FOOD,Beauty & Personal Care
Face Facts Vitamin C Sheet Masks 20ml x Pack of 2,Face Facts,749.0,FOOD,Beauty & Personal Care
Zoe Body Lotion Aloe Vera 400Ml,ZOE,270.0,FOOD,Beauty & Personal Care
St. Ives Radiant Skin Pink Lemon And Mandarin Orange Scrub 177ml,ST.IVES,1095.0,FOOD,Beauty & Personal Care
LORENTI FACE&amp;BODY SCRUB POMG 500ML,LORENTI,720.0,FOOD,Beauty & Personal Care
AMARA JOJOBA LOTION200ML,AMARA,140.0,FOOD,Beauty & Personal Care
L&#39;Oreal Paris Glycolic Bright Instant Glowing Serum 15ml,LOREAL PARIS,1700.0,FOOD,Beauty & Personal Care
Bio-Oil Body Lotion 175ml,BIO,825.0,FOOD,Beauty & Personal Care
Cosmo Cleansing Toner Papaya 250Ml,ARMAF,480.0,FOOD,Beauty & Personal Care
Zoe Body Lotion Glycerine 200Ml,ZOE,160.0,FOOD,Beauty & Personal Care
Dove Crushed With Macadamia And Rice Milk Exfoliating Body Polish 298g,DOVE,2500.0,FOOD,Beauty & Personal Care
Zoe Glycerine Gel Pure 60ml,ZOE,80.0,FOOD,Beauty & Personal Care
Carrefour Aqua Soft Wipes 14 Pieces,MAJID AL FUTTAIM,119.0,FOOD,Beauty & Personal Care
Voi Pocket Antibact W/Wipes 15&#39;S,VOI,60.0,FOOD,Beauty & Personal Care
GOLD TOUCH VITAMIN C SERUM 15ML,GOLD TOUCH,665.0,FOOD,Beauty & Personal Care
Simple Purifying Cleansing Lot200Ml,SIMPLE,999.0,FOOD,Beauty & Personal Care
Face Facts Collagen Day Cream Q10 50ml,Face Facts,749.0,FOOD,Beauty & Personal Care
Face Facts Witch Hazel Forehead And Chin Pore Strips 6 Pieces,Face Facts,499.0,FOOD,Beauty & Personal Care
Ballet Mosquito Repell.Cream100Ml,BALLET,275.0,FOOD,Beauty & Personal Care
Nice&amp;Lovely For Men En&amp;Hyd Lot200Ml,NICE & LOVELY,185.0,FOOD,Beauty & Personal Care
Dr. Teal&#39;s Moisturizing Bath And Body Oil With Lavender Soothing 260ml,DR.TEAL'S,1670.0,FOOD,Beauty & Personal Care
Mentholatum Anti Acnes Scar Care Cream 12g,Mentholatum:Acnes,535.0,FOOD,Beauty & Personal Care
Tropical Coconut Oil 1L,TROPICAL,954.0,FOOD,Beauty & Personal Care
Face Facts Firming Ginseng Extract Wash Off Gel Mask 60ml,Face Facts,499.0,FOOD,Beauty & Personal Care
Nice &amp; Lovely Aloe Vera Glycerine 100ml,N&L,195.0,FOOD,Beauty & Personal Care
Vaseline Intensive Care Dry Skin Repair Body Lotion 200ml,VASELINE,310.0,FOOD,Beauty & Personal Care
Mentholatum Acnes Sealing Gel 9G,Mentholatum:Acnes,495.0,FOOD,Beauty & Personal Care
GREENLEAVE BACK SCRUBBER W HANDLE,Omak:Greenleaves,464.0,FOOD,Beauty & Personal Care
Eden Apricot Scrub 454g,Eden Organic,1000.0,FOOD,Beauty & Personal Care
VERSMAN LEGEND LOTION 400ML,VERSMAN,510.0,FOOD,Beauty & Personal Care
Zoe Body Lotion Milk Dry Skin 200Ml,ZOE,160.0,FOOD,Beauty & Personal Care
Goldtouch Spotless And Matte Clear Skin Cream 48g,GOLD TOUCH,250.0,FOOD,Beauty & Personal Care
Gold Touch Matte Ayurvedic Cream23G,GOLD TOUCH,180.0,FOOD,Beauty & Personal Care
Olay Cleanse Gentle Foaming Cleanser 200ml,OLAY,1330.0,FOOD,Beauty & Personal Care
Face Facts Hydrating Day Cream 50ml,Face Facts,549.0,FOOD,Beauty & Personal Care
Face Facts Vitamin C Lip Masks 2 Pieces,Face Facts,749.0,FOOD,Beauty & Personal Care
SHEA MOISTURE RAW SHEA LOTION13OZ,SHEA MOISTURE,3200.0,FOOD,Beauty & Personal Care
AMARA JOJOBA LOTION400ML,AMARA,250.0,FOOD,Beauty & Personal Care
L&#39;Oreal Paris Revitalift Filler Deep Replumping Anti Ageing Day Cream 50ml,LOREAL PARIS,3350.0,FOOD,Beauty & Personal Care
Loreal Revitalift Laser Renew50Ml,DERMO-EXPERTISE,2850.0,FOOD,Beauty & Personal Care
GOLD TOUCH FACE WASH 50ML,GOLD TOUCH,220.0,FOOD,Beauty & Personal Care
ST IVES OATMEAL SCRUB &amp; MASK 170G,ST.IVES,1195.0,FOOD,Beauty & Personal Care
Face Facts Collagen And Lavender Wrinkle Care Gel Eye Patches 4 Pairs,Face Facts,499.0,FOOD,Beauty & Personal Care
Zoe Body Lotion Aloe Vera 200Ml,ZOE,160.0,FOOD,Beauty & Personal Care
Beauty Formulas Brightening Vitamin E Exfoliating Facial Scrub 150ml,BEAUTY FORMULAS,425.0,FOOD,Beauty & Personal Care
Kezod Milano Woman Care Rice Milk Body Lotion 250ml,KEZOD,395.0,FOOD,Beauty & Personal Care
Queen Elizabeth C/Butter Cream250Ml,REVES,770.0,FOOD,Beauty & Personal Care
Versman Legend 48H Moisture Nourish And Refresh Lotion For Men 200ml,VERSMAN,305.0,FOOD,Beauty & Personal Care
Maybelline Studio Setting Spray50Ml,MAYBELLINE,2100.0,FOOD,Beauty & Personal Care
JOSSY PURE AVOCADO OIL 240ML,JOSSY,548.0,FOOD,Beauty & Personal Care
GOLD TOUCH FACE WASH 100ML,GOLD TOUCH,355.0,FOOD,Beauty & Personal Care
Vicks Babyrub Soothing Vapor Ointment 50ml,VICKS,780.0,FOOD,Beauty & Personal Care
Colorbar Skin Hydra White Intense Whitening Hydrating Day Cream 300ml,TOP CLASS,495.0,FOOD,Beauty & Personal Care
Versman Legend 48H Moisture Nourish And Refresh Lotion For Men 100ml,VERSMAN,195.0,FOOD,Beauty & Personal Care
PAM FOOT PEDICURE FILE P145,PAM,349.0,FOOD,Beauty & Personal Care
Zoe Men Lotion Extreme Sports 200Ml,ZOE,160.0,FOOD,Beauty & Personal Care
HOBBY BODY LOTION AVACADO 400ML,HOBBY,400.0,FOOD,Beauty & Personal Care
Cosmo Cucumber And Aloe Vera Face Mask 500ml,COSMO,720.0,FOOD,Beauty & Personal Care
Carrefour Cool Mint Antibacterial Wipes 20 Count,CRF,149.0,FOOD,Beauty & Personal Care
Valon Petroleum Jelly Scented 240Ml,VALON,280.0,FOOD,Beauty & Personal Care
Zoe Pure Petroleum Jelly 250g,ZOE,285.0,FOOD,Beauty & Personal Care
Jergens Age Defying Multi Vitamin Moisturizer 600ml,JERGENS,1610.0,FOOD,Beauty & Personal Care
Honey &amp; Butter Cocoa Butter Body Lotion 155ml,,115.0,FOOD,Beauty & Personal Care
Yves Rocher Vanilla Body Lotion 390ml,Yves Rocher,1590.0,FOOD,Beauty & Personal Care
Simple Age Resist Facial Wash 150Ml,SIMPLE,1599.0,FOOD,Beauty & Personal Care
Yenbu Natural 100% Pure Shea Butter 80ml,YENBU,599.0,FOOD,Beauty & Personal Care
Face Facts Peach Face Scrub 60ml,Face Facts,499.0,FOOD,Beauty & Personal Care
Palmer&#39;s Cocoa Butter Formula Stretch Marks Massage Cream 125g,,1370.0,FOOD,Beauty & Personal Care
Beauty Formulas Brightening Vitamin C Micro-Polishing Facial Scrub 150ml,BEAUTY FORMULAS,495.0,FOOD,Beauty & Personal Care
Top Class Charcoal Face And Body Scrub 450g,TOP CLASS,550.0,FOOD,Beauty & Personal Care
Face Facts Natural Face Wash 75ml,Face Facts,799.0,FOOD,Beauty & Personal Care
Cosmo Rose Revitalizing Cleansing Toner 250ml,COSMO,480.0,FOOD,Beauty & Personal Care
Zoe Body Lotion Lanolin 200Ml,ZOE,160.0,FOOD,Beauty & Personal Care
Febreeze Air Effects Cotton Fr300Ml,FEBREZE,1090.0,FOOD,Beauty & Personal Care
ALISON&#39;S ROSE &amp;GLYCERIN SPRAY120ML,CHIC,150.0,FOOD,Beauty & Personal Care
Nice&amp;Lovely Jelly Crm  Coc Oil108G,NICE & LOVELY,275.0,FOOD,Beauty & Personal Care
Gold Touch Beauty Cream For Normal Skin 25g,GOLD TOUCH,140.0,FOOD,Beauty & Personal Care
Valon Hydratin Milk&amp;Shea Lot200Ml,VALON,140.0,FOOD,Beauty & Personal Care
JOHNON&#39;S COTTON BUDS 100&#39;S,JOHNSON'S,460.0,FOOD,Beauty & Personal Care
Garnier Matte Control Daily Mattifying Moisturiser 50ml,GARNIER,950.0,FOOD,Beauty & Personal Care
Yves Rocher Extra Dry Skin Shea Butter Repair Body Lotion 390ml,Yves Rocher,2290.0,FOOD,Beauty & Personal Care
Zoe Men Lotion Active Energy 200Ml,ZOE,160.0,FOOD,Beauty & Personal Care
NICE &amp; LOVELY PER GLYCERINE 100ML,N&L,195.0,FOOD,Beauty & Personal Care
Yutika SPF 30 PA+++ UVA And UVB Protection Sunscreen Lotion 100ml,,495.0,FOOD,Beauty & Personal Care
OLAY BEAUTY FLUID 100ML,OLAY,1425.0,FOOD,Beauty & Personal Care
St. Ives Blemish Care Tea Tree Extracts Cleanser 200ml,ST.IVES,1595.0,FOOD,Beauty & Personal Care
L&#39;Oreal Paris Glycolic Bright Instant Glowing Serum 30ml,LOREAL PARIS,2300.0,FOOD,Beauty & Personal Care
MALIBU SPF30 LOTION 200ML,MALIBU,1650.0,FOOD,Beauty & Personal Care
Aqua Massage 975 Wooden Handle Back Scrubber 1 Piece,Aqua Massage,750.0,FOOD,Beauty & Personal Care
Luron Men B/Frost Body Lotion 400Ml,LURON,440.0,FOOD,Beauty & Personal Care
Valon Glycerin &amp;Vit E Lot200Ml,VALON,140.0,FOOD,Beauty & Personal Care
Neutrogena Refreshingly Clear Facial Wash With k Grapefruit And Vitamin C 200ml,NEUTROGENA,1850.0,FOOD,Beauty & Personal Care
Cosmo Charcoal Face Mask 500ml,COSMO,720.0,FOOD,Beauty & Personal Care
Vaseline Intensive Care Aloe Soothe Body Lotion 200ml,VASELINE,310.0,FOOD,Beauty & Personal Care
Versman Extreme Ice Body Lotion For Men 200ml,VERSMAN,305.0,FOOD,Beauty & Personal Care
Face Facts Hydrating Aloe Vera Facial Scrub 75ml,Face Facts,499.0,FOOD,Beauty & Personal Care
Face Facts Deep Cleansing Seaweed Mud Mask 60ml,Face Facts,499.0,FOOD,Beauty & Personal Care
AMARA BODY MILK LOTION 100ML,AMARA,92.0,FOOD,Beauty & Personal Care
Amara Coconut Lotion 600Ml,AMARA,350.0,FOOD,Beauty & Personal Care
Valon Petroleum Jelly Perfume 470Ml,VALON,500.0,FOOD,Beauty & Personal Care
Nivea Radiant And Beauty Even Glow Body Lotion 400ml,NIVEA,850.0,FOOD,Beauty & Personal Care
LORENTI BODY LOTION ARG&amp;VANILA400ML,LORENTI,560.0,FOOD,Beauty & Personal Care
Lorenti Hydrating Rose Micellar Water 400ml,LORENTI,560.0,FOOD,Beauty & Personal Care
Vagisil Odor Block Daily Intimate Wash 354ml,VAGISIL,1785.0,FOOD,Beauty & Personal Care
Whitfields Ointment Anti Fungal 25G,WHITFIELDS OINTMENT,74.0,FOOD,Beauty & Personal Care
Bio-Oil Dry Skin Gel100Ml,BIO-OIL,743.0,FOOD,Beauty & Personal Care
Sudocrem Antiseptic Healing Cream 125g,SUDOCREM,1250.0,FOOD,Beauty & Personal Care
ACNES MOISTURIZING CREAM75G,Mentholatum:Acnes,787.0,FOOD,Beauty & Personal Care
Amara Body Lotion Glycerine 200Ml,AMARA,140.0,FOOD,Beauty & Personal Care
LADY DIANA RICE WATER SCRUB 500ML,LADY DIANA,455.0,FOOD,Beauty & Personal Care
BIO OIL LOTION 250ML,BIO,1055.0,FOOD,Beauty & Personal Care
Amara Unscented Petroleum Jelly 50g,AMARA,76.0,FOOD,Beauty & Personal Care
Dabur Herbolene Aloe Vera Petroleum Jelly 115ml,DABUR,250.0,FOOD,Beauty & Personal Care
Face Facts Collagen Night Cream Q10 50ml,Face Facts,749.0,FOOD,Beauty & Personal Care
Nice &amp; Lovely Jelly In Cream Coc60G,NICE & LOVELY,175.0,FOOD,Beauty & Personal Care
Face Facts Collagen And Q 10 Sheet Mask Treatments 20ml x Pack of 2,Face Facts,749.0,FOOD,Beauty & Personal Care
Ideal Body Lotion Eucalyptus 50Ml,IDEAL,462.0,FOOD,Beauty & Personal Care
Luron Men B/Frost Body Lotion 240Ml,LURON,275.0,FOOD,Beauty & Personal Care
Amara Rejuvenating Aloe Petroleum Jelly 50g,AMARA,76.0,FOOD,Beauty & Personal Care
Valon Sooth Aloe&amp;Avo Oil Lot400Ml,VALON,255.0,FOOD,Beauty & Personal Care
N&amp;L Gold Touch Oily Skin 50G,N&L,250.0,FOOD,Beauty & Personal Care
FUTCARE CORN CAPS 5&#39;S,,239.0,FOOD,Beauty & Personal Care
Mentholatum Acnes Creamy Wash 100G,Mentholatum:Acnes,829.0,FOOD,Beauty & Personal Care
Face Facts Sea Salt Body Scrub 50g,Face Facts,549.0,FOOD,Beauty & Personal Care
Malibu Kids Coloured SPF Suncare Body Lotion For Kids SPF 50 150ml,MALIBU,1600.0,FOOD,Beauty & Personal Care
STIVES T/TREE&amp;WITCH 3IN1 TONER251ML,ST.IVES,2495.0,FOOD,Beauty & Personal Care
Gold Touch Beauty Cream For Normal Skin 50g,GOLD TOUCH,250.0,FOOD,Beauty & Personal Care
Red Fox Cocoa Butter Lotion 16Oz,RED,855.0,FOOD,Beauty & Personal Care
ACNES SOOTHING TONER 90ML,Mentholatum:Acnes,816.0,FOOD,Beauty & Personal Care
N&amp;L Gold Touch Dry Skin 50G,N&L,250.0,FOOD,Beauty & Personal Care
E45 Dermatological Cream 50G,E45,620.0,FOOD,Beauty & Personal Care
Venus Nourishing Lotion 400Ml,VENUS,390.0,FOOD,Beauty & Personal Care
Odeon Scrub Honey &amp; Olive 300Ml,ODEON,450.0,FOOD,Beauty & Personal Care
Top Class Aloe Vera Face And Body Scrub 450g,TOP CLASS,550.0,FOOD,Beauty & Personal Care
Amara Argan Lotion400Ml,AMARA,250.0,FOOD,Beauty & Personal Care
Venus Pure Glycerine 100ml,VENUS,160.0,FOOD,Beauty & Personal Care
Amara Body Milk Lotion 200Ml,AMARA,140.0,FOOD,Beauty & Personal Care
LOREAL PARIS MIDNIGHT SERUM BA30ML,LOREAL PARIS,3500.0,FOOD,Beauty & Personal Care
Yves Rocher Raspberry And Peppermint Body Lotion 390ml,Yves Rocher,1590.0,FOOD,Beauty & Personal Care
Hobby Mcream Avacado250Ml,HOBBY,450.0,FOOD,Beauty & Personal Care
BIO GLOW MIXED FACE MASK KIT 3PC,BIO,855.0,FOOD,Beauty & Personal Care
St.Ives Glowing Apricot Daily Facial Cleanser 200ml,ST.IVES,1595.0,FOOD,Beauty & Personal Care
JOSSY PURE BENTONITE CLAY 200GM,JOSSY,348.0,FOOD,Beauty & Personal Care
Face Facts Dry Exfoliating Coffee Body Scrub 50g,Face Facts,549.0,FOOD,Beauty & Personal Care
T i p p y s   N a i l   P a d s   W h i t e   5 0   C o u n t,TIPPYS,343.0,FOOD,Beauty & Personal Care
Astral Moisturising Cream 5Oml,ASTRAL,395.0,FOOD,Beauty & Personal Care
Luron Men Rv Lotion 400Ml,LURON,440.0,FOOD,Beauty & Personal Care
Imperial L.Lotion Uplifting 400Ml,IMPERIAL LEATHER,450.0,FOOD,Beauty & Personal Care
Bio-Oil Dry Skin Gel200Ml,BIO-OIL,1244.0,FOOD,Beauty & Personal Care
BALLET LAVENDER CUDDLES JELLY 250G,BALLET,271.0,FOOD,Beauty & Personal Care
Amara Petroleum Jelly Men200Ml,AMARA,207.0,FOOD,Beauty & Personal Care
American Dream C/Butter Cream 500Ml,,1850.0,FOOD,Beauty & Personal Care
Neutrogena Hydro Boost Body Gel 250ml,NEUTROGENA,1540.0,FOOD,Beauty & Personal Care
St. Ives Fresh Skin Apricot Scrub 170g,ST.IVES,1195.0,FOOD,Beauty & Personal Care
FEBREEZE AIR EFFECTS APPLE SPI300ML,FEBREZE,1090.0,FOOD,Beauty & Personal Care
HIMANI NAVRATNA HERBAL OIL 100ML,HIMANI,260.0,FOOD,Beauty & Personal Care
Lady Diana Collection Aloe Vera Cleansing Toner 250ml,LADY DIANA,364.0,FOOD,Beauty & Personal Care
NICE &amp; LOVELY G &amp;HONEY LOTION 180ML,NICE & LOVELY,185.0,FOOD,Beauty & Personal Care
Face Facts Hydrating Sheet Mask With Cucumber Extract And Aloe Vera 2 Pieces,,499.0,FOOD,Beauty & Personal Care
Lady Diana Herbal Collection Aloe Vera Hydrating Face Wash 170ml,LADY DIANA,455.0,FOOD,Beauty & Personal Care
Cosmo Honey And Almond Face Scrub 170ml,COSMO,525.0,FOOD,Beauty & Personal Care
Clere Coconut Body Cream 500Ml,CLERE,358.0,FOOD,Beauty & Personal Care
Gold Touch Beauty Cream For Dry Skin 25g,GOLD TOUCH,140.0,FOOD,Beauty & Personal Care
WARACHI HAND LOTION150G,TONY AIROS,150.0,FOOD,Beauty & Personal Care
MALIBU SPF50 LOTION 200ML,MALIBU,1950.0,FOOD,Beauty & Personal Care
Imperial L. Lotion Active400Ml,IMPERIAL LEATHER,450.0,FOOD,Beauty & Personal Care
Amara Petroleum Jelly Baby200Ml,AMARA,207.0,FOOD,Beauty & Personal Care
Miracle Maxitone Advanced Lightening Serum 30ml,Miracle,1195.0,FOOD,Beauty & Personal Care
Dabur Herbolene Aloe Vera Petroleum Jelly 225ml,DABUR,425.0,FOOD,Beauty & Personal Care
Shea Moisture Absp Facial Mask 4Oz,SHEA MOISTURE,3750.0,FOOD,Beauty & Personal Care
CARNATION CORN CAPS 5&#39;S,Carnation,465.0,FOOD,Beauty & Personal Care
Face Facts Argan Oil Day Cream 50ml,Face Facts,599.0,FOOD,Beauty & Personal Care
Cosmo Peel Off Mask Cucumber 150Ml,COSMO,695.0,FOOD,Beauty & Personal Care
Yves Rocher Argan And Rose Hammam Body Lotion 390ml,Yves Rocher,1590.0,FOOD,Beauty & Personal Care
Top Class Onion Hair Oil 150ml,TOP CLASS,575.0,FOOD,Beauty & Personal Care
Valon Petroleum Jelly Aloe 240Ml,VALON,287.0,FOOD,Beauty & Personal Care
Fair &amp; White So Carrot So White Bright And Glam Brightening Cream 50ml,FAIR&WHITE,893.0,FOOD,Beauty & Personal Care
L&#39;Oreal Paris Revitalift Filler Deep Replumping Anti Ageing Night Cream 50ml,LOREAL PARIS,3350.0,FOOD,Beauty & Personal Care
Cosmo 24K Gold Purifying And Moisturizing Facial Mask 200g,COSMO,574.0,FOOD,Beauty & Personal Care
St Ives Lotion Oatmeal &amp; Shea 621Ml,ST.IVES,1725.0,FOOD,Beauty & Personal Care
VAGISIL DRY WASH PEACH BLOSSOM 73G,VAGISIL,885.0,FOOD,Beauty & Personal Care
Vi-John Glowing Fairness Zero Marks Cream 25g,VI-JOHN,199.0,FOOD,Beauty & Personal Care
Amara Cream Xtra Care Sensitive200G,AMARA,191.0,FOOD,Beauty & Personal Care
Cosmo Cleansing T.A/V&amp;Cucumber250Ml,COSMO,480.0,FOOD,Beauty & Personal Care
Nice&amp;Lovely Cocoa Butter Jelly100G,NICE & LOVELY,235.0,FOOD,Beauty & Personal Care
Yenbu Natural 100% Pure Shea Butter 150ml,YENBU,799.0,FOOD,Beauty & Personal Care
VELVEX BAMBOO WIPES 80S,VELVEX,400.0,FOOD,Beauty & Personal Care
L&#39;Oreal Paris Revitalift Laser Renew Anti-Ageing Night Cream 50ml,LOREAL PARIS,2850.0,FOOD,Beauty & Personal Care
Kezod Milano Blackberry And Musk Body Lotion 500ml,KEZOD,549.0,FOOD,Beauty & Personal Care
Venus Nourishing Moroccan Argan Oil Body Lotion 200ml,VENUS,230.0,FOOD,Beauty & Personal Care
Cosmo Moisturizing Cucumber Soothing Gel 250ml,COSMO,585.0,FOOD,Beauty & Personal Care
Versman Millionaire Lotion 200ml,VERSMAN,510.0,FOOD,Beauty & Personal Care
Crafe Away Antismoking Mini Filters 10 Pieces,CRAFE AWAY,295.0,FOOD,Beauty & Personal Care
Zoe Perfumed Petroleum Jelly 100g,ZOE,135.0,FOOD,Beauty & Personal Care
CeraVe PM Facial Moisturizing Lotion 189ml,CERAVE,4400.0,FOOD,Beauty & Personal Care
Miracle Maxitone Advanced Lightening Cream 50g,Miracle,995.0,FOOD,Beauty & Personal Care
GARNIER COMPLETE BRIGHT FOAM100ML,GARNIER,835.0,FOOD,Beauty & Personal Care
Luron Natural Honey And Shea Butter Body Lotion 400ml,LURON,358.0,FOOD,Beauty & Personal Care
GARNIER ESS ANTIWRINKLE DCREAM500ML,GARNIER,1418.0,FOOD,Beauty & Personal Care
Venus Bd Lot Cocoa Butter 400Ml,VENUS,390.0,FOOD,Beauty & Personal Care
MIELLE 2N1 FACE SCRUB&amp;CLEANSER 85G,MIELE,2005.0,FOOD,Beauty & Personal Care
Imperial L. Lotion Active200Ml,IMPERIAL LEATHER,270.0,FOOD,Beauty & Personal Care
Face Facts Vegan Coconut Facial Scrub 60ml,Face Facts,499.0,FOOD,Beauty & Personal Care
Valon Sooth Aloe&amp;Avo Oil Lot200Ml,VALON,140.0,FOOD,Beauty & Personal Care
Versman Millionaire Lotion 200ml,VERSMAN,305.0,FOOD,Beauty & Personal Care
Floradix F/Vital Yeast 500Ml,,3599.0,FOOD,Beauty & Personal Care
AMARA GLYCER BODY LOT 100ML,AMARA,92.0,FOOD,Beauty & Personal Care
L&#39;Oreal A/Wrink Hydratin Cre35+50Ml,LOREAL PARIS,2470.0,FOOD,Beauty & Personal Care
St Ives Lotion Coconut Milk 621Ml,ST.IVES,1725.0,FOOD,Beauty & Personal Care
L&#39;Oreal Paris RevitaLift Anti Wrinkles + Extra Firming Night Cream 50ml,DERMO-EXPERTISE,2100.0,FOOD,Beauty & Personal Care
Luron Body Lotion Shea 200Ml,LURON,204.0,FOOD,Beauty & Personal Care
Face Facts Brightening Green Tea Extract Wash Off Gel Mask 60ml,Face Facts,499.0,FOOD,Beauty & Personal Care
Yutika SPF 30 PA+++ UVA And UVB Protection Sunscreen Lotion 300ml,,995.0,FOOD,Beauty & Personal Care
Luron Fabindia Honey And Oatmeal Body Lotion 200ml,LURON,204.0,FOOD,Beauty & Personal Care
Dr. Teal&#39;s  Pure Epsom Salt Moisturize And Soften Foot Cream 227g,DR.TEAL'S,1055.0,FOOD,Beauty & Personal Care
Swiss Soft &#39;N White Lightening Gel 30g,,995.0,FOOD,Beauty & Personal Care
Shea Moisture African Black Soap Soothing Body Lotion 384ml,SHEA MOISTURE,3400.0,FOOD,Beauty & Personal Care
Ingram&#39;s Herbal Camphor Cream 450ml,INGRAMS,830.0,FOOD,Beauty & Personal Care
Queen Elizabeth C/Butter Crea125Ml,REVES,635.0,FOOD,Beauty & Personal Care
FACEFACTS FIRM PEELOFF GL MASK60ML,Face Facts,499.0,FOOD,Beauty & Personal Care
N&amp;L Body Lotion Glycerine 200Ml,N&L,185.0,FOOD,Beauty & Personal Care
CERAVE HYD/CLEANSING BAR SOAP128G,CERAVE,1925.0,FOOD,Beauty & Personal Care
Lady Diana Black Seed Moisturizing Cream 300ml,LADY DIANA,449.0,FOOD,Beauty & Personal Care
Ingram&#39;s Original Camphor Cream 450ml,INGRAMS,830.0,FOOD,Beauty & Personal Care
Lady Diana Cucumber Mois.Cream300Ml,LADY DIANA,449.0,FOOD,Beauty & Personal Care
Dr Teals Body Sleep Lot Melat226.8G,DR.TEAL'S,1525.0,FOOD,Beauty & Personal Care
St Ives Lotion Daily Hydrat 621Ml,ST.IVES,1725.0,FOOD,Beauty & Personal Care
Menofresh Tooth Tincture Toothache Solution 10ml,,145.0,FOOD,Beauty & Personal Care
Ultimate Organics Virgin Olive Oil Body Lotion 355ml,,1135.0,FOOD,Beauty & Personal Care
Top Class Aloe Face Wash 100ml,TOP CLASS,340.0,FOOD,Beauty & Personal Care
FADEOUT PURE GLOW NIGHT CREAM 50ML,FADE OUT,2150.0,FOOD,Beauty & Personal Care
FACE FACTS ANTIOX CLAY MASK 60ML,Face Facts,499.0,FOOD,Beauty & Personal Care
CLERE OLIVE BODY CREME 500ML,CLERE,358.0,FOOD,Beauty & Personal Care
Jergens Nourishing Honey Lotio621Ml,JERGENS,1879.0,FOOD,Beauty & Personal Care
Luron Spa Sports Massage Oil 100Ml,LURON,495.0,FOOD,Beauty & Personal Care
Luron Natural Honey And Cocoa Butter Body Lotion 200ml,LURON,204.0,FOOD,Beauty & Personal Care
Vi-John Fair &amp; Fairy Fairness Cream 50g,VI-JOHN,149.0,FOOD,Beauty & Personal Care
BAJAJ AYUR. ANTIMARKS CREAM PINK25G,BAJAJ,225.0,FOOD,Beauty & Personal Care
Odeon Scrub Apricot &amp; Almond 300Ml,ODEON,450.0,FOOD,Beauty & Personal Care
Amara Xtra Care Body Cream Men350G,AMARA,243.0,FOOD,Beauty & Personal Care
Ideal Body Lotion Paraffin 200Ml,IDEAL,220.0,FOOD,Beauty & Personal Care
Fabulous Bath Accessory,FABULOUS,345.0,FOOD,Beauty & Personal Care
INGRAMS MOISTURE PLUS CREAM 450ML,INGRAMS,1100.0,FOOD,Beauty & Personal Care
Venus Leave-In Treatment Anti-Dandruff Hair Cream 450ml,VENUS,470.0,FOOD,Beauty & Personal Care
Sebamed Clear Face Anti Pimple Gel 10ml,SEBAMED,915.0,FOOD,Beauty & Personal Care
Luron C/Butter Lot400Ml,LURON,358.0,FOOD,Beauty & Personal Care
J&amp;J Baby Moisturising Lotion 500Ml,J&J,2010.0,FOOD,Beauty & Personal Care
Amara Argan Lotion 600Ml,AMARA,350.0,FOOD,Beauty & Personal Care
Amara Petroleum Jelly Unscent200Ml,AMARA,207.0,FOOD,Beauty & Personal Care
Bio Glow Peel Off Face Mask Kit With Free Applicator 50ml x 3 Pieces,BIO,855.0,FOOD,Beauty & Personal Care
Top Class Care Clair Beauty Cream 125ml,TOP CLASS,350.0,FOOD,Beauty & Personal Care
Dabur Dermoviva Almond Gentle Exfoliating Face Scrub 150ml,DERMOVIVA,800.0,FOOD,Beauty & Personal Care
Face Facts Regenerating Black Mulberry Wash Off Gel Mask 60ml,Face Facts,499.0,FOOD,Beauty & Personal Care
Neutrogena Oil Bal.Facial Wash200Ml,NEUTROGENA,2950.0,FOOD,Beauty & Personal Care
SHEA MOISTURE ABSP SKIN TONER 4OZ,SHEA MOISTURE,3250.0,FOOD,Beauty & Personal Care
Bajaj Ayur. Antimarks Cream Blue25G,BAJAJ,225.0,FOOD,Beauty & Personal Care
Titania 3019 Callous Foot File 1 Piece,TITANIA,322.0,FOOD,Beauty & Personal Care
N&amp;L Body Lotion Aloe Vera 200Ml,N&L,185.0,FOOD,Beauty & Personal Care
Fadeout Advanced Vitamin Enriched Whitening Day Cream SPF25 50ml,FADE OUT,2300.0,FOOD,Beauty & Personal Care
Bodycology Truly Yours Butter Complex Moisturizing Body Cream 227g,BODYCOLOGY,1085.0,FOOD,Beauty & Personal Care
Gold Touch Matte Mattifying Cream 23g,GOLD TOUCH,180.0,FOOD,Beauty & Personal Care
Gajimare Unrefined Shea Body Butter 300ml,GAJIMARE,1372.0,FOOD,Beauty & Personal Care
Face Facts 98% Natural Night Cream 50ml,Face Facts,999.0,FOOD,Beauty & Personal Care
St Ives Lotion Collagen Elast 621Ml,ST.IVES,1725.0,FOOD,Beauty & Personal Care
VAGISIL DAILY WASH PEACH BL 354ML,VAGISIL,1785.0,FOOD,Beauty & Personal Care
Pond&#39;s Make Up Remover Cold Cream Cleanser 99g,PONDS,1505.0,FOOD,Beauty & Personal Care
HAMIDI BODY BUTTER OUD MUSK 250ML,,1200.0,FOOD,Beauty & Personal Care
Derma V10 Bamboo Pomegranate Fruit Extract Fibre Sheet Mask,,310.0,FOOD,Beauty & Personal Care
Garnier Ultimate Blends Olive Body Nourishing Lotion 400ml,GARNIER,1295.0,FOOD,Beauty & Personal Care
Versman Bazu Lotion 400ml,VERSMAN,510.0,FOOD,Beauty & Personal Care
Vital 3 Perfumed Petrole Jelly 250G,VITAL,199.0,FOOD,Beauty & Personal Care
BIW BIW MELASM SPOT CORRECTOR SERUM,BIW BIW,2375.0,FOOD,Beauty & Personal Care
Lady Diana Papaya Face Wash 150Ml,LADY DIANA,410.0,FOOD,Beauty & Personal Care
Amara Cream Xtra Care Sensitive350G,AMARA,283.0,FOOD,Beauty & Personal Care
Swiss Soft &#39;N White Carrot Intense Even Tone Beauty Cream 50g,,1024.0,FOOD,Beauty & Personal Care
VELVEX ADULT BODY WIPES 72S,VELVEX,295.0,FOOD,Beauty & Personal Care
Zoe Floral Fantasy Perfumed Glycerine 100ml,ZOE,149.0,FOOD,Beauty & Personal Care
Ld Lemon Peel-Off Mask 170Ml,LADY DIANA,480.0,FOOD,Beauty & Personal Care
Versman Extreme Ice Lotion 200ml,VERSMAN,510.0,FOOD,Beauty & Personal Care
Luron Glycerine Lot400Ml,LURON,358.0,FOOD,Beauty & Personal Care
Luron Men Rv Lotion 130Ml,LURON,173.0,FOOD,Beauty & Personal Care
Amara Jojoba Lotion 600Ml,AMARA,350.0,FOOD,Beauty & Personal Care
Tippys Cotton Buds Round Tin 100 pcs,TIPPYS,144.0,FOOD,Beauty & Personal Care
ST.Ives Soothing Daily Chamomile Facial Cleanser 200ml,ST.IVES,1595.0,FOOD,Beauty & Personal Care
LADY DIANA CLEANSE TONER PAPA 250ML,LADY DIANA,364.0,FOOD,Beauty & Personal Care
Swiss Soft &#39;N White Carrot Intense Even Tone Beauty Gel 30g,,1295.0,FOOD,Beauty & Personal Care
Top Class Skin Protection Glycerine Cream 250ml,TOP CLASS,450.0,FOOD,Beauty & Personal Care
Aveeno Skin Relief Moisture Repair Cream 311g,AVEENO,3930.0,FOOD,Beauty & Personal Care
ACNES C10 CREAM 15ML,Mentholatum:Acnes,2881.0,FOOD,Beauty & Personal Care
VAGISIL DAILY WASH JASMINE 354ML,VAGISIL,1785.0,FOOD,Beauty & Personal Care
Soluwax Ear Drops 10ml,,169.0,FOOD,Beauty & Personal Care
TIPPYS WHITE COTTON BALLS 100&#39;S,TIPPYS,314.0,FOOD,Beauty & Personal Care
VERSMAN MILLIONAIRE LOTION 100ML,VERSMAN,195.0,FOOD,Beauty & Personal Care
Papilion W/Wipes Reg 15&#39;S Pocket50G,PAPILION,50.0,FOOD,Beauty & Personal Care
Chic Olive And Lanolin Body Lotion 200ml,CHIC,153.0,FOOD,Beauty & Personal Care
Face Facts Strawberry Face Scrub 60ml,Face Facts,499.0,FOOD,Beauty & Personal Care
Floradix F/Vital Yeast 250Ml,,2099.0,FOOD,Beauty & Personal Care
N&amp;L Body Lotion Body Milk 200Ml,N&L,185.0,FOOD,Beauty & Personal Care
PALMERS SS FADE CREAM 2.7OZ,PALMERS,2002.0,FOOD,Beauty & Personal Care
DOVE BODY POLISH OATMEAL &amp; CAL298G,DOVE,2500.0,FOOD,Beauty & Personal Care
Yenbu Natural 100% Pure Shea Butter 30ml,YENBU,449.0,FOOD,Beauty & Personal Care
P. O Care Aloe Moisturizing SPF 50 PA+++ Sun Lotion 115ml,P.O.CARE,1360.0,FOOD,Beauty & Personal Care
Lady Diana Sensitive And Delicate Aloe Vera Moisturizing Cream 300ml,LADY DIANA,395.0,FOOD,Beauty & Personal Care
Clean&amp;Clear Me Aqua Facewash150Ml,ARM&HAMMER,1175.0,FOOD,Beauty & Personal Care
Miracle Maxitone Vanishing Acne Max Strength Cream 50g,Miracle,1195.0,FOOD,Beauty & Personal Care
GARNIER COMPLETE BRIGHT SCRUB100ML,GARNIER,835.0,FOOD,Beauty & Personal Care
Garnier Ultimate Blends Oat Body Soothing Hydrating Lotion 400ml,GARNIER,1295.0,FOOD,Beauty & Personal Care
Neutrogena Visibly Pink Grapefruit Facial Wash 200ml,NEUTROGENA,2580.0,FOOD,Beauty & Personal Care
Face Facts Age Defying Facial Scrub 75ml,Face Facts,499.0,FOOD,Beauty & Personal Care
P.O Care Virgin Coconut Oil 100Ml,P.O.CARE,820.0,FOOD,Beauty & Personal Care
Luron Very Vanilla Fine Fragrance Mist 100ml,LURON,341.0,FOOD,Beauty & Personal Care
Tippys Cotton Round Tin Buds 200 Pieces,TIPPYS,199.0,FOOD,Beauty & Personal Care
Derma V10 Coconut Sheet Mask,,310.0,FOOD,Beauty & Personal Care
Face Facts Wrinkle Care Sheet Mask 2 Pieces,,499.0,FOOD,Beauty & Personal Care
Bio Glow Peel Off Clay Face Mask Set  3 Pieces,BIO,855.0,FOOD,Beauty & Personal Care
Lady Diana Vitamin E Sunblock Cream 170ml,LADY DIANA,616.0,FOOD,Beauty & Personal Care
Shea Moisture 100% Virgin Coconut Oil Daily Hydration Body Lotion 384ml,SHEA MOISTURE,3550.0,FOOD,Beauty & Personal Care
Ultimate Organic Extra Virgin Olive Oil Body Whip Moisturizing Cream 426g,,1305.0,FOOD,Beauty & Personal Care
Rohto Melano CC Skin Spot Essence 20ml,,1910.0,FOOD,Beauty & Personal Care
MALIBU KIDS LOTION 200ML,MALIBU,1950.0,FOOD,Beauty & Personal Care
DERMOVIVA F/WASH POMERGRANATE 150ML,DERMOVIVA,590.0,FOOD,Beauty & Personal Care
Yves Rocher Mango Body Lotion 390ml,Yves Rocher,1590.0,FOOD,Beauty & Personal Care
Top Class Shea Body Cream300Ml,TOP CLASS,650.0,FOOD,Beauty & Personal Care
Cosmo Day Cream 50g,ARMAF,625.0,FOOD,Beauty & Personal Care
Naat Aloe Vera Cool Moisturizing Gel 100ml,,675.0,FOOD,Beauty & Personal Care
Feah Whitening Clay Mask 150Ml,FEAH,408.0,FOOD,Beauty & Personal Care
VAGISIL D/WASH CUCUMBER MAG 354ML,VAGISIL,1785.0,FOOD,Beauty & Personal Care
Face Facts Age Defying Day Cream 50ml,Face Facts,549.0,FOOD,Beauty & Personal Care
FABULOUS CORN SLICER,FABULOUS,267.0,FOOD,Beauty & Personal Care
Fixodent Neutral Complete Denture Adhesive Cream 47g,,960.0,FOOD,Beauty & Personal Care
Versman Dapper Body Lotion 100ml,VERSMAN,195.0,FOOD,Beauty & Personal Care
VELVEX MAKE-UP REMOVAL WIPES 25S,VELVEX,235.0,FOOD,Beauty & Personal Care
AMARA XTRA CARE BODY CREAM MEN200G,AMARA,174.0,FOOD,Beauty & Personal Care
Chic Body Lotion Glycerine 200Ml,CHIC,153.0,FOOD,Beauty & Personal Care
Ideal Body Lotion Paraffin 100Ml,IDEAL,132.0,FOOD,Beauty & Personal Care
Jergens Soothing Aloe Refreshing Moisturizer 621ml,JERGENS,3275.0,FOOD,Beauty & Personal Care
FADE OUT ORIGINAL CREAM 50ML,FADE OUT,1795.0,FOOD,Beauty & Personal Care
PONDS DRY SKIN FACE MOISTURIZER286G,PONDS,1970.0,FOOD,Beauty & Personal Care
Dr C Tuna Calendula Face Tonic225Ml,FARMASI,775.0,FOOD,Beauty & Personal Care
Fifty&#39;s Ageless Extratone Plus Fade Cream 300ml,,1920.0,FOOD,Beauty & Personal Care
Face Facts 98% Natural Face Scrub 75ml,Face Facts,999.0,FOOD,Beauty & Personal Care
Versman Dapper Lotion 200ml,VERSMAN,305.0,FOOD,Beauty & Personal Care
N&amp;L Perfumed Glycerine 65Ml,N&L,125.0,FOOD,Beauty & Personal Care
CeraVe Skin Renewing Vitamin C Retinol Serum 30ml,CERAVE,5700.0,FOOD,Beauty & Personal Care
Ponds Skin Tightening Serum 46Ml,PONDS,2310.0,FOOD,Beauty & Personal Care
INGRAMS MEN&#39;S MOISTURE CREAM 450ML,INGRAMS,1100.0,FOOD,Beauty & Personal Care
Lady Diana Aloe Vera Face Wash150Ml,LADY DIANA,410.0,FOOD,Beauty & Personal Care
Feah Saffron Face Wash 150Ml,FEAH,408.0,FOOD,Beauty & Personal Care
BURNOX BURN CREAM20G,,42.0,FOOD,Beauty & Personal Care
Kezod Milano Arabesque Oud Body Lotion 400ml,KEZOD,499.0,FOOD,Beauty & Personal Care
Versman Dapper Lotion 400ml,VERSMAN,510.0,FOOD,Beauty & Personal Care
Chic Body Lotion Vitamine E 200Ml,CHIC,153.0,FOOD,Beauty & Personal Care
Face Facts Gel Eye Patches 4 Pieces,Face Facts,499.0,FOOD,Beauty & Personal Care
Amara Glycer Body Lot 400Ml,AMARA,250.0,FOOD,Beauty & Personal Care
Titania 3043B Double Sided Foot File 1 Piece,TITANIA,1265.0,FOOD,Beauty & Personal Care
Yenbu Original Glycerine 50ml,YENBU,119.0,FOOD,Beauty & Personal Care
Soft&#39;n White Swiss Papaya Cleansing Lotion 250ml,,895.0,FOOD,Beauty & Personal Care
GARNIER 7DAYS HYDRATING LOTION250ML,GARNIER,1055.0,FOOD,Beauty & Personal Care
L&#39;OREAL RESTORING HAND CREAM 100ML,LOREAL PARIS,940.0,FOOD,Beauty & Personal Care
Dr. Teal&#39;s Moisture Plus Radiant Body Lotion With Citrus 532ml,DR.TEAL'S,1505.0,FOOD,Beauty & Personal Care
FADEOUT PURE GLOW E FACE WASH 100ML,FADE OUT,1550.0,FOOD,Beauty & Personal Care
LADY DIANA LEM CLEANSE TONER 250ML,LADY DIANA,364.0,FOOD,Beauty & Personal Care
Venus Anti Dandruff Leave In Treatment 250ml,VENUS,350.0,FOOD,Beauty & Personal Care
BODY COLOGY PURE WHITE BCREAM227G,BODYCOLOGY,1085.0,FOOD,Beauty & Personal Care
NICE &amp; LOVELY G &amp;HONEY LOTION 360ML,NICE & LOVELY,350.0,FOOD,Beauty & Personal Care
Face Facts Acai Berry Age Defying Night Cream 50ml,Face Facts,549.0,FOOD,Beauty & Personal Care
Ponds Hydrating Night Cream88.7Ml,PONDS,2310.0,FOOD,Beauty & Personal Care
Body Cology Scarlet Kiss Bcream227G,BODYCOLOGY,1090.0,FOOD,Beauty & Personal Care
Nice&amp;Lovely Cocoa Butter Jelly250G,NICE & LOVELY,455.0,FOOD,Beauty & Personal Care
Venus Smoothing Body Lotion 400ml,VENUS,390.0,FOOD,Beauty & Personal Care
VITAL 3 PURE PETROLEUM JELLY 50G,VITAL,49.0,FOOD,Beauty & Personal Care
Luron Natural Honey And Neem Body Lotion 200ml,LURON,204.0,FOOD,Beauty & Personal Care
AMARA PURE JELLY ALOE 100G,AMARA,124.0,FOOD,Beauty & Personal Care
Derma V10 Aloe Vera Chamomile Face And Neck Sheet Mask,,295.0,FOOD,Beauty & Personal Care
Clere Avocado Milk Body Lotion400Ml,CLERE,275.0,FOOD,Beauty & Personal Care
Crafe Away Smokeless Cigarettes,CRAFE AWAY,375.0,FOOD,Beauty & Personal Care
Skin Success Complexion Toner 250Ml,PALMERS,1353.0,FOOD,Beauty & Personal Care
L&#39;Oreal Fine Flower Clean Milk400Ml,SKIN ACTIVE,2170.0,FOOD,Beauty & Personal Care
Neutrogena Oil-Free Moisture Combination Skin Moisturizer 118ml,NEUTROGENA,3335.0,FOOD,Beauty & Personal Care
GIRLFRIEND FANTASY LOTION HONE500ML,GIRL FRIEND,294.0,FOOD,Beauty & Personal Care
Yves Rocher Coconut Body Lotion 390ml,Yves Rocher,1590.0,FOOD,Beauty & Personal Care
L&#39;Oreal Paris Men Charcoal Scr100Ml,LOREAL PARIS,1500.0,FOOD,Beauty & Personal Care
Mielle Illuminating Pomegranate And Honey SPF 15 Face Lotion 57g,MIELE,3770.0,FOOD,Beauty & Personal Care
Fade Out Day Cream 50Ml,FADE OUT,1795.0,FOOD,Beauty & Personal Care
T e e p e z   3 D   N o r m a l   S k i n   E x f o l i a t i n g   P a d s   4 0   C o u n t,TIPPYS,433.0,FOOD,Beauty & Personal Care
Clere Musk Body Cream 300Ml,CLERE,273.0,FOOD,Beauty & Personal Care
Ingrams Camphor Cream Hebal 75G,INGRAMS,350.0,FOOD,Beauty & Personal Care
Neutrogena Visibly Clear Pink Grape Fruit Facial Scrub 150ml,NEUTROGENA,2475.0,FOOD,Beauty & Personal Care
Gajimare Passion Seed Oil 100ml,GAJIMARE,1001.0,FOOD,Beauty & Personal Care
Clere Avocado Milk Body Lotion200Ml,CLERE,187.0,FOOD,Beauty & Personal Care
St. Ives Solutions Clear Skin 3 In 1 SPF 25 Face Moisturizer 85g,ST.IVES,2995.0,FOOD,Beauty & Personal Care
Neutrogena C&amp;S Cleanser Oilfre150Ml,NEUTROGENA,2230.0,FOOD,Beauty & Personal Care
Lady Diana Cocoa Butter stretch Mark 100Ml ,LD,395.0,FOOD,Beauty & Personal Care
FADEOUT PURE GLOW DAY CREAM 50ML,FADE OUT,2150.0,FOOD,Beauty & Personal Care
Luron Spa Stimulating Mas. Oil100Ml,LURON,495.0,FOOD,Beauty & Personal Care
INGRAMS MEN&#39;S ULTRA COOL CREAM450ML,INGRAMS,1050.0,FOOD,Beauty & Personal Care
Face Facts Natural Day Cream 50ml,Face Facts,699.0,FOOD,Beauty & Personal Care
Fade Out Collagen Boost Day And Night Cream 100ml,FADE OUT,1550.0,FOOD,Beauty & Personal Care
Venus Active Body Lotion 400ml,VENUS,390.0,FOOD,Beauty & Personal Care
L&#39;Oreal Paris Revitalift Laser Renew Precision Eye Cream 15ml,LOREAL PARIS,2350.0,FOOD,Beauty & Personal Care
Cerave Skin Renewing Night Cream48G,CERAVE,4300.0,FOOD,Beauty & Personal Care
L&rsquo;Oreal Paris Fine Flowers Facial Gel 150ml,SKIN ACTIVE,1315.0,FOOD,Beauty & Personal Care
J&amp;J VISIBLY CLEAR SPOT P. O/F M50ML,NEUTROGENA,2100.0,FOOD,Beauty & Personal Care
MIRACLE MAXITONE LIGHTENING GEL 30G,Miracle,1055.0,FOOD,Beauty & Personal Care
AMERICAN DREAM C.B LEMON CREAM500ML,,1850.0,FOOD,Beauty & Personal Care
E45 Dermatological Cream 125g,E45,1350.0,FOOD,Beauty & Personal Care
Pond&#39;s Crema S 24 Hours Moisturizing Cream 400g,PONDS,2885.0,FOOD,Beauty & Personal Care
Bajaj Ayur.Antimarks Crm Yellow25G,BAJAJ,225.0,FOOD,Beauty & Personal Care
J&amp;J VISIBLY CLEAR PURIFYING TO200ML,NEUTROGENA,1975.0,FOOD,Beauty & Personal Care
LORENTI MICELLAR W.CHAMOMILE400ML,LORENTI,560.0,FOOD,Beauty & Personal Care
Feah Spf 40 Sunblock Lotion 200Ml,FEAH,616.0,FOOD,Beauty & Personal Care
Gajimare Scented Shea Body Butter 300ml,GAJIMARE,1474.0,FOOD,Beauty & Personal Care
LORENTI BODY LOTION HONEY&amp;MILK400ML,LORENTI,560.0,FOOD,Beauty & Personal Care
E45 Dermatological Cream 350g,E45,2695.0,FOOD,Beauty & Personal Care
NEUTROGENA ALCOHOL FREE TONER 250ML,NEUTROGENA,3060.0,FOOD,Beauty & Personal Care
L&#39;OREAL A/WRINKL RESTORE CRE45+50ML,LOREAL PARIS,2525.0,FOOD,Beauty & Personal Care
SEBAMED CLEANSING BAR 100G,SEBAMED,900.0,FOOD,Beauty & Personal Care
Cosmo Peel Off Facemask Papaya150Ml,COSMO,695.0,FOOD,Beauty & Personal Care
Swiss Soft&#39;n White Deep Cleansing Lotion 250ml,,1195.0,FOOD,Beauty & Personal Care
Top Class Aloe Face Scrub 100ml,TOP CLASS,300.0,FOOD,Beauty & Personal Care
Aveeno Calm + Restore Triple Oat Serum 30ml,AVEENO,5570.0,FOOD,Beauty & Personal Care
Neutrogena Oil B In-Showermask150Ml,NEUTROGENA,2045.0,FOOD,Beauty & Personal Care
LORENTI MICELLAR WATER A/VERA 400ML,LORENTI,560.0,FOOD,Beauty & Personal Care
Luron Aloe Lotion 400Ml,LURON,358.0,FOOD,Beauty & Personal Care
Neutrogena Pore Refining Toner250Ml,NEUTROGENA,2265.0,FOOD,Beauty & Personal Care
N&amp;L Perfumed Petroleum Jelly 100G,N&L,235.0,FOOD,Beauty & Personal Care
Cosmo Night Cream 50Gm,COSMO,625.0,FOOD,Beauty & Personal Care
L&#39;OREAL A/WRINK DEN NIGHT CR55+50ML,LOREAL PARIS,2447.0,FOOD,Beauty & Personal Care
INGRAMS CAMPHOR CREAM ALO VERA450ML,INGRAMS,830.0,FOOD,Beauty & Personal Care
Lorenti Expert care Aloe And Cucumber Body Lotion 400ml,LORENTI,560.0,FOOD,Beauty & Personal Care
L&#39;Oreal Paris Revitalift Bright Reveal Daily Scrub Cleanser 150ml,SKIN ACTIVE,2115.0,FOOD,Beauty & Personal Care
CLEAN&amp;CLEAR B/HEAD DAILY SCRUB100ML,CLEAN&CLEAR,1670.0,FOOD,Beauty & Personal Care
Yves Rocher Lavandin Blackberry Relaxing Body Lotion 390ml,Yves Rocher,1590.0,FOOD,Beauty & Personal Care
Neutrogena Refresh Exfoliator Face Wash 150ml,NEUTROGENA,2005.0,FOOD,Beauty & Personal Care
Clere Musk Body Cream 500Ml,CLERE,358.0,FOOD,Beauty & Personal Care
Sebamed Anti Dry Night Intensive Cream 50ml,SEBAMED,2190.0,FOOD,Beauty & Personal Care
NIVEA ROSE MICELLAR WATER OIL 400ML,NIVEA,675.0,FOOD,Beauty & Personal Care
"Shea.M R/S,C&amp;A Oil Head-Toe Sha13Oz",SHEA MOISTURE,2850.0,FOOD,Beauty & Personal Care
Luron Natural Honey And Neem Body Lotion 400ml,LURON,358.0,FOOD,Beauty & Personal Care
Luron Natural Honey And Organic Herbs Body Lotion 400ml,LURON,358.0,FOOD,Beauty & Personal Care
Clere Glyc &amp; Lanol Body Cream 500Ml,CLERE,358.0,FOOD,Beauty & Personal Care
LADY DIANA LEMON FACE WASH 150ML,LADY DIANA,410.0,FOOD,Beauty & Personal Care
Luron Natural Honey And Organic Herbs Body Lotion 200ml,LURON,204.0,FOOD,Beauty & Personal Care
Ideal Body Lotion Paraffin 50Ml,IDEAL,89.0,FOOD,Beauty & Personal Care
CLERE GLYC &amp; LANOL BODY CREAM 300ML,CLERE,273.0,FOOD,Beauty & Personal Care
Deflam Pain Relief Spray150Ml,,500.0,FOOD,Beauty & Personal Care
Yenbu Original Glycerine 100ml,YENBU,219.0,FOOD,Beauty & Personal Care
Versman Bazu Lotion 200ml,VERSMAN,305.0,FOOD,Beauty & Personal Care
Aveeno Calm + Restore Nourishing Oat Cleanser Face Wash 232ml,AVEENO,3550.0,FOOD,Beauty & Personal Care
NEUTROGENA FAST ABSORBING LOTI250ML,NEUTROGENA,1575.0,FOOD,Beauty & Personal Care
L&#39;Oreal Restorin Day Cream 55+ 50Ml,LOREAL PARIS,2320.0,FOOD,Beauty & Personal Care
Cosmo Night Repairing Cream 250Ml,COSMO,590.0,FOOD,Beauty & Personal Care
ELYSIUM SPA FRANKINCENSE OIL 10ML,ELYSIUM,650.0,FOOD,Beauty & Personal Care
Body Cology Cherry Body Cream227G,BODYCOLOGY,1085.0,FOOD,Beauty & Personal Care
Cornells Grape Face Wash 150Ml,CORNELLS,414.0,FOOD,Beauty & Personal Care
LADY DIANA CLEANSE TONER CUCU 250ML,LADY DIANA,364.0,FOOD,Beauty & Personal Care
BEAUTY F. APRICOT FACIAL SCRUB150ML,BEAUTY FORMULAS,395.0,FOOD,Beauty & Personal Care
Top Class Natural Glycerine And Vitamin E Deep Moisture Plum Body Lotion 400ml,TOP CLASS,570.0,FOOD,Beauty & Personal Care
Tgin Twist and Define Cream For Hair 340g,,3995.0,FOOD,Beauty & Personal Care
Lady Diana Collection Classic Cleansing Toner 250ml,LADY DIANA,364.0,FOOD,Beauty & Personal Care
Feah Lemon Intense Face Wash 150Ml,FEAH,408.0,FOOD,Beauty & Personal Care
Tony Airos Siri Glycerine 100Ml,TONY AIROS,94.0,FOOD,Beauty & Personal Care
Cosmo S/Berry&amp;Raspberry Scrub170Ml,COSMO,525.0,FOOD,Beauty & Personal Care
Luron Natural Honey And Aloe Vera Body Lotion 200ml,LURON,204.0,FOOD,Beauty & Personal Care
Amara Natural Glow Unscented Petrolleum Jelly 100g,AMARA,124.0,FOOD,Beauty & Personal Care
Luron Men U/E Lotion 130Ml,LURON,173.0,FOOD,Beauty & Personal Care
Sawa Pure Glycerine 30Ml,,40.0,FOOD,Beauty & Personal Care
Skin Success Deep Clean Facial250Ml,PALMERS,1254.0,FOOD,Beauty & Personal Care
J&amp;J VISIBLY CLEAR SMOOTHING SC150ML,NEUTROGENA,2105.0,FOOD,Beauty & Personal Care
J&amp;J Daily Ess. Refreshing Gel 150Ml,J&J,1380.0,FOOD,Beauty & Personal Care
OLAY MAKEUP CLEAN MILK DRYSKIN200ML,OLAY,1850.0,FOOD,Beauty & Personal Care
SOFT N WHITE LIGHTEN EXFOL SOAP200G,,811.0,FOOD,Beauty & Personal Care
FADEOUT ANTIWRINKLE FACEWASH100ML,FADE OUT,1550.0,FOOD,Beauty & Personal Care
Dr Teals Body Lotion Cnut Oil532Ml,DR.TEAL'S,1505.0,FOOD,Beauty & Personal Care
Swiss Soft&#39;n White Skin Acne Gel 30g,,995.0,FOOD,Beauty & Personal Care
Vital 3 Perfumed Petrole Jelly 100G,VITAL,90.0,FOOD,Beauty & Personal Care
Lucky Advancedanced Therapy Lotion 444Ml,LUCKY,350.0,FOOD,Beauty & Personal Care
Vicks Vapodrops Lem&amp;Menthol72G,VICKS,600.0,FOOD,Beauty & Personal Care
Top Class Natural Guava Oil 300Ml,TOP CLASS,595.0,FOOD,Beauty & Personal Care
L&#39;Oreal Paris Revitalift Amp9.1Ml,LOREAL PARIS,3100.0,FOOD,Beauty & Personal Care
L&rsquo;Oreal Paris Revitalift Skin Smoothing Facial Cream 150ml,SKIN ACTIVE,2115.0,FOOD,Beauty & Personal Care
Cosmo Beauty Cream 50g,ARMAF,625.0,FOOD,Beauty & Personal Care
Dermo Exp Age Perfect Day 50Ml,DERMO-EXPERTISE,2450.0,FOOD,Beauty & Personal Care
HAMIDI BODY BUTTER OUD ROSE 250ML,,1200.0,FOOD,Beauty & Personal Care
Yutika Nourishing Soft Touch Almond Intensive Soothing Body Lotion 500ml,,464.0,FOOD,Beauty & Personal Care
Top Class Shea Moist.Lotion500Ml,TOP CLASS,740.0,FOOD,Beauty & Personal Care
MIRACLE MAXITONE FADE GLYCERINE300G,Miracle,1395.0,FOOD,Beauty & Personal Care
P.O Care Aloe S/B Spf 30 Pa+++120Ml,P.O.CARE,1125.0,FOOD,Beauty & Personal Care
MEGA LIFE SCIENCES ENAT CREAM 50G,MEGA,1549.0,FOOD,Beauty & Personal Care
FACE FACTS VC JELLY CLEANSER 150ML,Face Facts,749.0,FOOD,Beauty & Personal Care
Cream E45 Moist Lotion Pump 500Ml,E45,3240.0,FOOD,Beauty & Personal Care
SOFT N WHITE ACNE CREAM50G,,1195.0,FOOD,Beauty & Personal Care
Yves Rocher Olive Petitgrain Body Lotion 390ml,Yves Rocher,1590.0,FOOD,Beauty & Personal Care
ELYSIUM SPA YLANG YLANG OIL 10ML,ELYSIUM,650.0,FOOD,Beauty & Personal Care
AMARA XTRA CARE B/CREAM HERBAL200G,AMARA,174.0,FOOD,Beauty & Personal Care
Versman Bazu 48H Intense Moisturising Lotion 100ml,VERSMAN,195.0,FOOD,Beauty & Personal Care
Top Class Nourishing Garlic Oil 300ml,TOP CLASS,595.0,FOOD,Beauty & Personal Care
Cosmo Papaya Scrub 170Ml,COSMO,525.0,FOOD,Beauty & Personal Care
UNCLE BILLS COTTON TIPS 200PK,Uncle Bills,342.0,FOOD,Beauty & Personal Care
Clere Lotion Olive 200Ml,CLERE,175.0,FOOD,Beauty & Personal Care
LD APRICOT SCRUB BLEMISH CONTR170ML,LADY DIANA,455.0,FOOD,Beauty & Personal Care
Swiss Soft&#39;n White Fading Glycerine 300g,,1195.0,FOOD,Beauty & Personal Care
Neutrogena Skin Detox Cooling Scrub 150ml,NEUTROGENA,2055.0,FOOD,Beauty & Personal Care
N&amp;L Perfumed Petroleum Jelly 50G,N&L,165.0,FOOD,Beauty & Personal Care
EMAMI HERBAL FAIRNESS CREAM 50 ML,EMAMI,175.0,FOOD,Beauty & Personal Care
Kezod Milano Force Fresh Body Lotion 400ml,KEZOD,499.0,FOOD,Beauty & Personal Care
Neutrogena Visibly Renew Supple Touch Body Lotion 400ml,NEUTROGENA,2150.0,FOOD,Beauty & Personal Care
NEUTROGENA D/C FACIAL CLEANSER200ML,NEUTROGENA,2950.0,FOOD,Beauty & Personal Care
P.O Care Aloe After Sun Gel 170Ml,P.O.CARE,785.0,FOOD,Beauty & Personal Care
NEUTROGENA HYD.MICELLAR WATER 400ML,NEUTROGENA,2800.0,FOOD,Beauty & Personal Care
NEUTROGENA CLEAR&amp;DEF WASH&amp;MASK150ML,NEUTROGENA,2045.0,FOOD,Beauty & Personal Care
Clean&amp;Clear Lemonfresh Facewas150Ml,CLEAN&CLEAR,1175.0,FOOD,Beauty & Personal Care
Neutrogena Oil Balancing Facial Wash With Lime And Aloe Vera 200ml,NEUTROGENA,2000.0,FOOD,Beauty & Personal Care
Fade Out Anti-Wrinkle Brightening Foaming Face Wash 100ml,FADE OUT,5200.0,FOOD,Beauty & Personal Care
YVES ROCHER CLEANSEGEL P/ALGUE125ML,Yves Rocher,1490.0,FOOD,Beauty & Personal Care
CORNELLS MINT FACE WASH 150ML,CORNELLS,414.0,FOOD,Beauty & Personal Care
LADY DIANA LOTION SHEA BUTTER 500ML,LADY DIANA,480.0,FOOD,Beauty & Personal Care
Cosmo Apricot Scrub 170Ml,COSMO,525.0,FOOD,Beauty & Personal Care
Lady Diana Collection Anti-Stretch Mark Body Lotion 500ml,LADY DIANA,824.0,FOOD,Beauty & Personal Care
Clere Rich Musk Body Lotion 400Ml,CLERE,275.0,FOOD,Beauty & Personal Care
Yutika Nourishing Aloe Vera  Body Lotion 100ml,,155.0,FOOD,Beauty & Personal Care
Lady Diana Collection Cherry Blossom Body Lotion 500ml,LADY DIANA,480.0,FOOD,Beauty & Personal Care
Face Facts Collagen With Q10 Body Lotion 400ml,Face Facts,999.0,FOOD,Beauty & Personal Care
Clere Milk &amp; Honey Body Lotion400Ml,CLERE,275.0,FOOD,Beauty & Personal Care
Cerave Itch Relief Moisturizing Lotion 237ml,CERAVE,4500.0,FOOD,Beauty & Personal Care
LADY DIANA LOTION COCO BUTTER 500ML,LADY DIANA,480.0,FOOD,Beauty & Personal Care
FAIR &amp; WHITE CLARIFIANCE CREAM200ML,FAIR&WHITE,4463.0,FOOD,Beauty & Personal Care
NEUTROGENA BRIGHTBOOST GELCREAM50ML,NEUTROGENA,6120.0,FOOD,Beauty & Personal Care
Fair &amp; White So Fruity Papaya Radiance Boosting Serum 30ml,FAIR&WHITE,1350.0,FOOD,Beauty & Personal Care
SOFT N WHITE HAND&amp;BODY LOTION 500ML,,950.0,FOOD,Beauty & Personal Care
Vicks Vapodrops S/Fr Eucalyptus72G,VICKS,600.0,FOOD,Beauty & Personal Care
Cosmo Skin Revitalizing Cream 250Ml,ARMAF,590.0,FOOD,Beauty & Personal Care
Rohto Rich Moisturising Cream 100Ml,,2615.0,FOOD,Beauty & Personal Care
Beauty Formulas Intensely Purifying Charcoal Bubble Face Mask 7g,BEAUTY FORMULAS,310.0,FOOD,Beauty & Personal Care
SIRI LEMON CREAM 200G,Siri,169.0,FOOD,Beauty & Personal Care
Yutika Soft Touch Almond Intensive Nourishing Body Lotion 300ml,,361.0,FOOD,Beauty & Personal Care
Sawa Milking Jelly Moisturizer 200ml,,120.0,FOOD,Beauty & Personal Care
Face Facts Vitamin C Body Lotion 400ml,Face Facts,999.0,FOOD,Beauty & Personal Care
N&amp;L Perfumed Petroleum Jelly 250G,N&L,455.0,FOOD,Beauty & Personal Care
Aveeno Calm + Restore Oat Moisturizer Gel 48g,AVEENO,4495.0,FOOD,Beauty & Personal Care
HAMIDI BODY LOTION OUD MUSK 500ML,,1640.0,FOOD,Beauty & Personal Care
Dermo Exp Age Perfect Night 50Ml,DERMO-EXPERTISE,2450.0,FOOD,Beauty & Personal Care
FACE FACTS HYA FACE &amp;BODY MIST200ML,Face Facts,999.0,FOOD,Beauty & Personal Care
Yutika Soft Touch Almond Body Lotion 100ml,,155.0,FOOD,Beauty & Personal Care
Yves Rocher Pure Algue The Ultra Fresh Cleansing Gel 390ml,Yves Rocher,2290.0,FOOD,Beauty & Personal Care
BEAUTY F.GLYCOLIC HYDRATING GEL75ML,BEAUTY FORMULAS,375.0,FOOD,Beauty & Personal Care
Lady Diana Collection Blooming Jasmine Body Lotion 500ml,LADY DIANA,455.0,FOOD,Beauty & Personal Care
Fair&amp;White Excl Exfoliatin Soap200G,FAIR&WHITE,2200.0,FOOD,Beauty & Personal Care
DermaV10 Rescue Oil 75ml,,835.0,FOOD,Beauty & Personal Care
Yutika Soft Touch Aloe Vera Soothing Nourishing Body Lotion 500ml,,464.0,FOOD,Beauty & Personal Care
Ingrams Camphor Cream Herbal 300G,INGRAM,630.0,FOOD,Beauty & Personal Care
Top Class Aloe Face Gel 100ml,TOP CLASS,340.0,FOOD,Beauty & Personal Care
YVES ROCHER MATIFYING GEL CREAM50ML,Yves Rocher,2290.0,FOOD,Beauty & Personal Care
Estiara Passion Lotion Relax 350Ml,ESTIARA,582.0,FOOD,Beauty & Personal Care
Topiclear Papaya Skin Tone Cream 50g,,375.0,FOOD,Beauty & Personal Care
Yves Rocher Pure Menthe Cleansing Gel 25ml,Yves Rocher,1490.0,FOOD,Beauty & Personal Care
Sebamed Anti Dry Hydrating Body Lotion 200ml,SEBAMED,1740.0,FOOD,Beauty & Personal Care
P. O. Care Aloe Moisturizing SPF 30 PA+++ Sun Lotion 95ml,P.O.CARE,1785.0,FOOD,Beauty & Personal Care
Feah Spf Uv 60 S/Block With V170Ml,FEAH,616.0,FOOD,Beauty & Personal Care
JERGENS ORIGNAL SCENT LOTION 600ML,JERGENS,1610.0,FOOD,Beauty & Personal Care
Clean&amp;Clear Berryblast Facewas150Ml,CLEAN&CLEAR,1175.0,FOOD,Beauty & Personal Care
Cream E45 Itch Relief Cream 50G,E45,1000.0,FOOD,Beauty & Personal Care
FACE FACTS EYE GEL CREAM 15ML,Face Facts,799.0,FOOD,Beauty & Personal Care
LADY DIANA PEEL OFF MASK PAPAY170ML,LADY DIANA,480.0,FOOD,Beauty & Personal Care
Clere Lotion Milk &amp; Honey 200Ml,CLERE,187.0,FOOD,Beauty & Personal Care
SIRI BANNISTERS GLYERINE 50ML,Siri,73.0,FOOD,Beauty & Personal Care
HAMIDI BODY LOTION OUD 500ML,,1640.0,FOOD,Beauty & Personal Care
FADEOUT COLAGEN BOOST BRIGHTEN100ML,FADE OUT,5200.0,FOOD,Beauty & Personal Care
Clean&amp;Clear Deep S/Skin Lotion200Ml,CLEAN&CLEAR,1280.0,FOOD,Beauty & Personal Care
Neutrogena Pink Moisturiser 50ml,NEUTROGENA,2410.0,FOOD,Beauty & Personal Care
NEUTROGENA C&amp;S MAKE UP REMOVER200ML,NEUTROGENA,2230.0,FOOD,Beauty & Personal Care
Aloha SPF25 Ultralite Sun Lotion 250ml,ALOHA,1512.0,FOOD,Beauty & Personal Care
Neutrogena C/Pore Astringent 236Ml,NEUTROGENA,2980.0,FOOD,Beauty & Personal Care
Neutrogena Healthy Skin Anti-Wrinkle Night Cream 40g,NEUTROGENA,3220.0,FOOD,Beauty & Personal Care
MAMA EARTH UBTAN SCRUB 200G,,1775.0,FOOD,Beauty & Personal Care
MIRACLE MAXITONE VANISH ACNE GEL1OZ,Miracle,1195.0,FOOD,Beauty & Personal Care
P.O Care Aloe S/B Spf15 Pa+++ 120Ml,P.O.CARE,1090.0,FOOD,Beauty & Personal Care
ELYSIUM SPA GERANIUM OIL10ML,ELYSIUM,650.0,FOOD,Beauty & Personal Care
Yutika Soft Touch Aloe Vera Soothing Nourishing Body Lotion 300ml,,361.0,FOOD,Beauty & Personal Care
Face Facts The Routine Hyaluronic Blackberry And Oats Hydra Gel Cream 50ml,Face Facts,799.0,FOOD,Beauty & Personal Care
Mamaearth Turmeric And Saffron Ubtan Face Wash 100ml,,1250.0,FOOD,Beauty & Personal Care
Face Facts Hyaluronic Acid Jelly Cleanser 150ml,Face Facts,749.0,FOOD,Beauty & Personal Care
Clere Wild Flower Body Lotion 400Ml,CLERE,294.0,FOOD,Beauty & Personal Care
Face Facts The Routine Vegan Superfood Gel Cleanser 150ml,Face Facts,799.0,FOOD,Beauty & Personal Care
Gold Touch Vitamin C Face Serum 30ml,GOLD TOUCH,1045.0,FOOD,Beauty & Personal Care
LADY DIANA PEEL OFF MASK VERA 170ML,LADY DIANA,480.0,FOOD,Beauty & Personal Care
Jolen Chamomile And Grapeseed Oil Face Wax Strips 16 Strips,JOLEN,340.0,FOOD,Beauty & Personal Care
CLERE BODY CREAM STORM 4 MEN 250ML,CLERE,244.0,FOOD,Beauty & Personal Care
Clere Storm Body Cream For Men 450ml,CLERE,326.0,FOOD,Beauty & Personal Care
MAMA EARTH UBTAN F FACE WASH 150ML,,1445.0,FOOD,Beauty & Personal Care
LADY DIANA PAPAYA LOTION 400ML,LADY DIANA,398.0,FOOD,Beauty & Personal Care
Cosmo Intensive Moist.Cream250Ml,COSMO,590.0,FOOD,Beauty & Personal Care
FADEOUT PURE GLOW BRIGHTENING 100ML,FADE OUT,5300.0,FOOD,Beauty & Personal Care
Cosmo Saffron &amp; S/Wood Scrub170Ml,COSMO,525.0,FOOD,Beauty & Personal Care
HAMIDI BODY LOTION OUD ROSE 500ML,,1640.0,FOOD,Beauty & Personal Care
Face Facts Hyaluronic Body Lotion 400ml,Face Facts,999.0,FOOD,Beauty & Personal Care
SAWA MILKING JELLY 50ML,,37.0,FOOD,Beauty & Personal Care
Face Facts Superberry Radiance Serum 30ml,Face Facts,799.0,FOOD,Beauty & Personal Care
HAMIDI BODY LOTION AMBER OUD 500ML,,1640.0,FOOD,Beauty & Personal Care
SAWA MILKING JELLY 90ML,,61.0,FOOD,Beauty & Personal Care
Face Facts Overnight Body Lotion 400ml,Face Facts,999.0,FOOD,Beauty & Personal Care
MAMA EARTH UBTAN SHEET MASK 25G,,910.0,FOOD,Beauty & Personal Care
SIRI BANNISTERS ALOE VERA GLY 50ML,Siri,73.0,FOOD,Beauty & Personal Care
MIELLE STRETCH MARK CREAM 85G,MIELE,3530.0,FOOD,Beauty & Personal Care
Fair &amp; White So White Skin Perfector Body Lotion 500ml,FAIR&WHITE,2600.0,FOOD,Beauty & Personal Care
Ingrams Camphor Cream Herbal 150G,INGRAMS,475.0,FOOD,Beauty & Personal Care
HAMIDI BODY BUTTER OUD 250ML,,1200.0,FOOD,Beauty & Personal Care
Estiara Passion Aroma Therapy Relax Moisturizing Oil 165ml,ESTIARA,627.0,FOOD,Beauty & Personal Care
ESTIARA PASSION LOTION ENERGY 350ML,ESTIARA,582.0,FOOD,Beauty & Personal Care
Mielle Pomegranate And Honey Revitalizing Face Serum 30ml,MIELE,4710.0,FOOD,Beauty & Personal Care
